employee_id,department,role,privilege_level,security_training_completed,previous_training_score,total_simulations,emails_opened,links_clicked,attachments_opened,credentials_submitted,phishing_emails_reported,simulations_failed,remediation_trainings,targeted_scenarios,average_failure_probability,average_reporting_time_seconds,targeted_attack_failure_rate,email_open_rate,click_rate,attachment_open_rate,credential_submission_rate,reporting_rate,failure_rate,remediation_rate,non_failure_rate,report_to_failure_ratio,privilege_risk_value,training_risk,reporting_quality
EMP0001,Human Resources,HR Specialist,High,1,85,10,10,2,1,2,7,4,4,2,0.2825,299.5714,1.0,1.0,0.2,0.1,0.2,0.7,0.4,0.4,0.6,1.75,3,0.15,0.7
EMP0002,Sales,Sales Representative,Low,1,96,10,8,0,1,0,6,2,2,0,0.2074,272.0,0.0,0.8,0.0,0.1,0.0,0.6,0.2,0.2,0.8,3.0,1,0.04,0.6
EMP0003,Human Resources,HR Manager,Medium,1,96,10,8,1,1,1,4,2,2,2,0.2188,174.0,0.5,0.8,0.1,0.1,0.1,0.4,0.2,0.2,0.8,2.0,2,0.04,0.4
EMP0004,Marketing,Marketing Specialist,Low,1,87,10,8,2,0,1,3,4,4,0,0.2911,301.0,0.0,0.8,0.2,0.0,0.1,0.3,0.4,0.4,0.6,0.75,1,0.13,0.3
EMP0005,Human Resources,HR Specialist,Medium,1,72,10,6,1,0,0,3,3,3,2,0.2703,344.0,0.5,0.6,0.1,0.0,0.0,0.3,0.3,0.3,0.7,1.0,2,0.28,0.3
EMP0006,Finance,Finance Manager,Medium,1,72,10,9,1,1,0,4,2,2,1,0.247,309.0,0.0,0.9,0.1,0.1,0.0,0.4,0.2,0.2,0.8,2.0,2,0.28,0.4
EMP0007,Marketing,Marketing Specialist,Medium,1,65,10,9,3,0,3,5,4,4,0,0.3806,199.2,0.0,0.9,0.3,0.0,0.3,0.5,0.4,0.4,0.6,1.25,2,0.35,0.5
EMP0008,Operations,Operations Analyst,Low,1,81,10,8,3,0,2,5,3,3,0,0.2874,305.0,0.0,0.8,0.3,0.0,0.2,0.5,0.3,0.3,0.7,1.6667,1,0.19,0.5
EMP0009,Marketing,Digital Marketing Analyst,Medium,1,78,10,7,3,0,1,5,4,4,0,0.2416,314.8,0.0,0.7,0.3,0.0,0.1,0.5,0.4,0.4,0.6,1.25,2,0.22,0.5
EMP0010,Information Technology,IT Support Analyst,High,0,60,10,8,2,1,1,3,4,4,1,0.5003,348.3333,0.0,0.8,0.2,0.1,0.1,0.3,0.4,0.4,0.6,0.75,3,0.4,0.15
EMP0011,Human Resources,HR Specialist,High,1,70,10,4,0,0,0,4,1,1,2,0.2518,336.75,0.5,0.4,0.0,0.0,0.0,0.4,0.1,0.1,0.9,3.0,3,0.3,0.4
EMP0012,Human Resources,Recruiter,High,1,74,10,8,4,1,2,5,6,6,2,0.3648,272.4,1.0,0.8,0.4,0.1,0.2,0.5,0.6,0.6,0.4,0.8333,3,0.26,0.5
EMP0013,Operations,Operations Analyst,Medium,1,87,10,9,0,0,0,10,0,0,0,0.189,336.0,0.0,0.9,0.0,0.0,0.0,1.0,0.0,0.0,1.0,3.0,2,0.13,1.0
EMP0014,Human Resources,Recruiter,Medium,1,63,10,8,2,0,2,6,4,4,2,0.2725,366.6667,0.5,0.8,0.2,0.0,0.2,0.6,0.4,0.4,0.6,1.5,2,0.37,0.6
EMP0015,Operations,Operations Manager,Medium,1,86,10,6,0,1,0,6,2,2,0,0.277,407.1667,0.0,0.6,0.0,0.1,0.0,0.6,0.2,0.2,0.8,3.0,2,0.14,0.6
EMP0016,Sales,Sales Manager,Low,1,80,10,9,1,0,1,6,2,2,0,0.3161,265.8333,0.0,0.9,0.1,0.0,0.1,0.6,0.2,0.2,0.8,3.0,1,0.2,0.6
EMP0017,Finance,Finance Manager,Medium,1,60,10,9,3,1,3,5,4,4,1,0.3425,205.0,0.0,0.9,0.3,0.1,0.3,0.5,0.4,0.4,0.6,1.25,2,0.4,0.5
EMP0018,Operations,Operations Analyst,Low,1,69,10,8,1,0,1,7,2,2,0,0.3385,275.1429,0.0,0.8,0.1,0.0,0.1,0.7,0.2,0.2,0.8,3.0,1,0.31,0.7
EMP0019,Human Resources,Recruiter,High,1,81,10,10,2,0,2,6,2,2,2,0.22,218.3333,0.0,1.0,0.2,0.0,0.2,0.6,0.2,0.2,0.8,3.0,3,0.19,0.6
EMP0020,Executive,Chief Officer,Privileged,1,73,10,5,1,1,0,6,2,2,0,0.2876,270.6667,0.0,0.5,0.1,0.1,0.0,0.6,0.2,0.2,0.8,3.0,4,0.27,0.6
EMP0021,Information Technology,System Administrator,High,1,90,10,7,1,0,0,6,3,3,1,0.2702,421.0,0.0,0.7,0.1,0.0,0.0,0.6,0.3,0.3,0.7,2.0,3,0.1,0.6
EMP0022,Sales,Sales Manager,Medium,0,89,10,6,1,0,1,5,4,4,0,0.34,444.4,0.0,0.6,0.1,0.0,0.1,0.5,0.4,0.4,0.6,1.25,2,0.11,0.25
EMP0023,Human Resources,HR Manager,Medium,0,81,10,7,0,1,0,2,3,3,2,0.3287,343.5,0.5,0.7,0.0,0.1,0.0,0.2,0.3,0.3,0.7,0.6667,2,0.19,0.1
EMP0024,Sales,Sales Representative,Medium,0,89,10,9,0,1,0,4,2,2,0,0.2838,280.5,0.0,0.9,0.0,0.1,0.0,0.4,0.2,0.2,0.8,2.0,2,0.11,0.2
EMP0025,Marketing,Digital Marketing Analyst,Low,1,87,10,10,3,1,1,7,4,4,0,0.3359,206.5714,0.0,1.0,0.3,0.1,0.1,0.7,0.4,0.4,0.6,1.75,1,0.13,0.7
EMP0026,Legal,Legal Assistant,Medium,1,94,10,9,2,0,1,5,3,3,0,0.2151,250.0,0.0,0.9,0.2,0.0,0.1,0.5,0.3,0.3,0.7,1.6667,2,0.06,0.5
EMP0027,Finance,Accountant,High,1,82,10,6,0,1,0,7,1,1,1,0.1923,200.1429,0.0,0.6,0.0,0.1,0.0,0.7,0.1,0.1,0.9,3.0,3,0.18,0.7
EMP0028,Operations,Operations Analyst,Low,1,96,10,8,1,0,0,7,1,1,0,0.186,259.5714,0.0,0.8,0.1,0.0,0.0,0.7,0.1,0.1,0.9,3.0,1,0.04,0.7
EMP0029,Legal,Legal Assistant,High,1,79,10,10,1,1,1,5,2,2,0,0.3084,195.6,0.0,1.0,0.1,0.1,0.1,0.5,0.2,0.2,0.8,2.5,3,0.21,0.5
EMP0030,Marketing,Marketing Manager,Medium,1,74,10,10,0,0,0,3,0,0,0,0.2126,139.3333,0.0,1.0,0.0,0.0,0.0,0.3,0.0,0.0,1.0,3.0,2,0.26,0.3
EMP0031,Information Technology,System Administrator,Medium,1,95,10,10,2,0,1,4,2,2,1,0.1927,233.5,0.0,1.0,0.2,0.0,0.1,0.4,0.2,0.2,0.8,2.0,2,0.05,0.4
EMP0032,Sales,Sales Manager,Medium,0,71,10,8,1,0,0,0,2,2,0,0.2956,0.0,0.0,0.8,0.1,0.0,0.0,0.0,0.2,0.2,0.8,0.0,2,0.29,0.0
EMP0033,Marketing,Marketing Manager,Medium,1,88,10,7,1,0,1,6,1,1,0,0.2364,306.1667,0.0,0.7,0.1,0.0,0.1,0.6,0.1,0.1,0.9,3.0,2,0.12,0.6
EMP0034,Legal,Legal Assistant,Medium,1,81,10,8,2,2,1,5,5,5,0,0.1374,196.6,0.0,0.8,0.2,0.2,0.1,0.5,0.5,0.5,0.5,1.0,2,0.19,0.5
EMP0035,Executive,Director,High,1,69,10,8,3,1,1,3,5,5,0,0.3293,315.0,0.0,0.8,0.3,0.1,0.1,0.3,0.5,0.5,0.5,0.6,3,0.31,0.3
EMP0036,Human Resources,HR Specialist,Medium,1,74,10,8,0,1,0,7,1,1,2,0.2379,283.7143,0.0,0.8,0.0,0.1,0.0,0.7,0.1,0.1,0.9,3.0,2,0.26,0.7
EMP0037,Marketing,Marketing Manager,Low,1,78,10,9,2,1,1,3,4,4,0,0.2989,389.6667,0.0,0.9,0.2,0.1,0.1,0.3,0.4,0.4,0.6,0.75,1,0.22,0.3
EMP0038,Marketing,Digital Marketing Analyst,Medium,1,75,10,8,0,0,0,5,1,1,0,0.2434,195.2,0.0,0.8,0.0,0.0,0.0,0.5,0.1,0.1,0.9,3.0,2,0.25,0.5
EMP0039,Operations,Operations Manager,Low,1,76,10,8,2,1,1,7,3,3,0,0.2834,339.8571,0.0,0.8,0.2,0.1,0.1,0.7,0.3,0.3,0.7,2.3333,1,0.24,0.7
EMP0040,Human Resources,HR Manager,High,1,82,10,6,2,0,1,7,2,2,2,0.1791,246.4286,0.5,0.6,0.2,0.0,0.1,0.7,0.2,0.2,0.8,3.0,3,0.18,0.7
EMP0041,Legal,Legal Assistant,High,1,54,10,8,3,0,1,6,4,4,0,0.3138,233.6667,0.0,0.8,0.3,0.0,0.1,0.6,0.4,0.4,0.6,1.5,3,0.46,0.6
EMP0042,Marketing,Marketing Specialist,Medium,0,77,10,7,1,0,0,2,2,2,0,0.3578,134.5,0.0,0.7,0.1,0.0,0.0,0.2,0.2,0.2,0.8,1.0,2,0.23,0.1
EMP0043,Finance,Finance Manager,High,1,75,10,9,1,1,1,4,3,3,1,0.3062,387.75,1.0,0.9,0.1,0.1,0.1,0.4,0.3,0.3,0.7,1.3333,3,0.25,0.4
EMP0044,Information Technology,Security Analyst,Medium,1,81,10,10,4,0,2,5,4,4,1,0.2699,471.8,1.0,1.0,0.4,0.0,0.2,0.5,0.4,0.4,0.6,1.25,2,0.19,0.5
EMP0045,Operations,Operations Manager,Low,1,91,10,9,2,1,1,5,4,4,0,0.172,174.2,0.0,0.9,0.2,0.1,0.1,0.5,0.4,0.4,0.6,1.25,1,0.09,0.5
EMP0046,Information Technology,System Administrator,Medium,1,87,10,7,2,1,2,5,4,4,1,0.1894,436.0,0.0,0.7,0.2,0.1,0.2,0.5,0.4,0.4,0.6,1.25,2,0.13,0.5
EMP0047,Finance,Finance Manager,High,1,85,10,9,3,0,3,5,3,3,1,0.3172,274.2,0.0,0.9,0.3,0.0,0.3,0.5,0.3,0.3,0.7,1.6667,3,0.15,0.5
EMP0048,Executive,Director,High,1,100,10,7,1,0,1,7,1,1,0,0.1735,345.1429,0.0,0.7,0.1,0.0,0.1,0.7,0.1,0.1,0.9,3.0,3,0.0,0.7
EMP0049,Legal,Compliance Analyst,Medium,1,79,10,7,0,0,0,8,0,0,0,0.3666,318.375,0.0,0.7,0.0,0.0,0.0,0.8,0.0,0.0,1.0,3.0,2,0.21,0.8
EMP0050,Finance,Financial Analyst,Medium,0,71,10,9,3,1,2,5,4,4,1,0.3593,192.2,0.0,0.9,0.3,0.1,0.2,0.5,0.4,0.4,0.6,1.25,2,0.29,0.25
EMP0051,Human Resources,HR Manager,High,1,65,10,8,2,0,2,6,3,3,2,0.1891,394.8333,0.5,0.8,0.2,0.0,0.2,0.6,0.3,0.3,0.7,2.0,3,0.35,0.6
EMP0052,Human Resources,HR Manager,Medium,1,83,10,10,2,0,2,4,3,3,2,0.3754,233.75,0.5,1.0,0.2,0.0,0.2,0.4,0.3,0.3,0.7,1.3333,2,0.17,0.4
EMP0053,Information Technology,Security Analyst,High,0,68,10,8,3,0,3,5,3,3,1,0.4153,314.4,1.0,0.8,0.3,0.0,0.3,0.5,0.3,0.3,0.7,1.6667,3,0.32,0.25
EMP0054,Information Technology,System Administrator,Privileged,1,74,10,8,1,1,1,4,3,3,1,0.255,279.75,0.0,0.8,0.1,0.1,0.1,0.4,0.3,0.3,0.7,1.3333,4,0.26,0.4
EMP0055,Marketing,Marketing Specialist,Low,1,80,10,9,2,0,0,6,2,2,0,0.2455,220.5,0.0,0.9,0.2,0.0,0.0,0.6,0.2,0.2,0.8,3.0,1,0.2,0.6
EMP0056,Operations,Operations Specialist,Medium,1,93,10,9,1,1,1,6,2,2,0,0.2408,370.6667,0.0,0.9,0.1,0.1,0.1,0.6,0.2,0.2,0.8,3.0,2,0.07,0.6
EMP0057,Executive,Chief Officer,Privileged,1,81,10,8,1,0,0,5,2,2,0,0.3066,169.0,0.0,0.8,0.1,0.0,0.0,0.5,0.2,0.2,0.8,2.5,4,0.19,0.5
EMP0058,Human Resources,HR Specialist,Medium,1,87,10,7,1,1,1,3,2,2,2,0.2639,243.6667,0.0,0.7,0.1,0.1,0.1,0.3,0.2,0.2,0.8,1.5,2,0.13,0.3
EMP0059,Human Resources,Recruiter,Medium,1,81,10,9,2,1,1,7,3,3,2,0.3075,279.5714,0.5,0.9,0.2,0.1,0.1,0.7,0.3,0.3,0.7,2.3333,2,0.19,0.7
EMP0060,Sales,Sales Manager,Low,0,82,10,9,2,0,1,8,2,2,0,0.3457,274.75,0.0,0.9,0.2,0.0,0.1,0.8,0.2,0.2,0.8,3.0,1,0.18,0.4
EMP0061,Finance,Financial Analyst,Medium,1,81,10,10,1,0,1,7,2,2,1,0.3005,307.8571,1.0,1.0,0.1,0.0,0.1,0.7,0.2,0.2,0.8,3.0,2,0.19,0.7
EMP0062,Sales,Sales Representative,Low,1,69,10,8,4,0,2,5,6,6,0,0.3389,246.0,0.0,0.8,0.4,0.0,0.2,0.5,0.6,0.6,0.4,0.8333,1,0.31,0.5
EMP0063,Legal,Legal Assistant,Medium,1,63,10,8,1,0,0,5,1,1,0,0.2744,357.4,0.0,0.8,0.1,0.0,0.0,0.5,0.1,0.1,0.9,3.0,2,0.37,0.5
EMP0064,Operations,Operations Manager,Medium,1,85,10,8,1,1,1,8,2,2,0,0.338,301.75,0.0,0.8,0.1,0.1,0.1,0.8,0.2,0.2,0.8,3.0,2,0.15,0.8
EMP0065,Sales,Sales Manager,Low,1,89,10,8,2,0,0,6,2,2,0,0.2553,229.1667,0.0,0.8,0.2,0.0,0.0,0.6,0.2,0.2,0.8,3.0,1,0.11,0.6
EMP0066,Executive,Director,Privileged,1,82,10,9,1,1,0,6,2,2,0,0.2324,249.1667,0.0,0.9,0.1,0.1,0.0,0.6,0.2,0.2,0.8,3.0,4,0.18,0.6
EMP0067,Marketing,Marketing Specialist,Low,1,67,10,5,3,0,1,4,4,4,0,0.363,151.25,0.0,0.5,0.3,0.0,0.1,0.4,0.4,0.4,0.6,1.0,1,0.33,0.4
EMP0068,Human Resources,HR Manager,High,1,68,10,7,0,1,0,6,2,2,2,0.3867,382.5,0.5,0.7,0.0,0.1,0.0,0.6,0.2,0.2,0.8,3.0,3,0.32,0.6
EMP0069,Legal,Compliance Analyst,High,1,78,10,7,4,0,1,7,4,4,0,0.2551,229.0,0.0,0.7,0.4,0.0,0.1,0.7,0.4,0.4,0.6,1.75,3,0.22,0.7
EMP0070,Executive,Chief Officer,High,1,95,10,7,0,1,0,7,1,1,0,0.1532,263.4286,0.0,0.7,0.0,0.1,0.0,0.7,0.1,0.1,0.9,3.0,3,0.05,0.7
EMP0071,Human Resources,HR Specialist,High,1,65,10,8,4,1,1,4,5,5,2,0.2749,168.0,1.0,0.8,0.4,0.1,0.1,0.4,0.5,0.5,0.5,0.8,3,0.35,0.4
EMP0072,Legal,Legal Assistant,Medium,1,83,10,8,2,1,1,6,3,3,0,0.2377,169.5,0.0,0.8,0.2,0.1,0.1,0.6,0.3,0.3,0.7,2.0,2,0.17,0.6
EMP0073,Sales,Sales Representative,Medium,1,83,10,8,2,0,2,3,3,3,0,0.247,222.6667,0.0,0.8,0.2,0.0,0.2,0.3,0.3,0.3,0.7,1.0,2,0.17,0.3
EMP0074,Information Technology,System Administrator,Medium,1,77,10,9,1,0,0,4,1,1,1,0.3085,152.75,1.0,0.9,0.1,0.0,0.0,0.4,0.1,0.1,0.9,3.0,2,0.23,0.4
EMP0075,Operations,Operations Specialist,Low,1,72,10,6,2,0,1,8,4,4,0,0.3517,268.75,0.0,0.6,0.2,0.0,0.1,0.8,0.4,0.4,0.6,2.0,1,0.28,0.8
EMP0076,Human Resources,Recruiter,Medium,1,88,10,8,0,0,0,4,1,1,2,0.2394,168.25,0.0,0.8,0.0,0.0,0.0,0.4,0.1,0.1,0.9,3.0,2,0.12,0.4
EMP0077,Finance,Finance Manager,Medium,1,67,10,8,2,1,1,3,4,4,1,0.4198,261.0,1.0,0.8,0.2,0.1,0.1,0.3,0.4,0.4,0.6,0.75,2,0.33,0.3
EMP0078,Human Resources,HR Specialist,Medium,1,79,10,8,3,1,1,8,5,5,2,0.2654,185.25,1.0,0.8,0.3,0.1,0.1,0.8,0.5,0.5,0.5,1.6,2,0.21,0.8
EMP0079,Marketing,Digital Marketing Analyst,Medium,1,82,10,7,3,1,2,6,5,5,0,0.2244,364.6667,0.0,0.7,0.3,0.1,0.2,0.6,0.5,0.5,0.5,1.2,2,0.18,0.6
EMP0080,Sales,Account Executive,Low,1,84,10,9,0,1,0,5,2,2,0,0.2815,115.2,0.0,0.9,0.0,0.1,0.0,0.5,0.2,0.2,0.8,2.5,1,0.16,0.5
EMP0081,Information Technology,System Administrator,Medium,1,84,10,10,1,0,1,5,1,1,1,0.3087,379.4,1.0,1.0,0.1,0.0,0.1,0.5,0.1,0.1,0.9,3.0,2,0.16,0.5
EMP0082,Marketing,Digital Marketing Analyst,Medium,1,84,10,9,2,1,1,6,3,3,0,0.2796,489.0,0.0,0.9,0.2,0.1,0.1,0.6,0.3,0.3,0.7,2.0,2,0.16,0.6
EMP0083,Operations,Operations Specialist,Medium,1,84,10,8,0,2,0,7,2,2,0,0.195,342.4286,0.0,0.8,0.0,0.2,0.0,0.7,0.2,0.2,0.8,3.0,2,0.16,0.7
EMP0084,Information Technology,IT Support Analyst,High,1,91,10,9,0,0,0,5,0,0,1,0.1824,290.6,0.0,0.9,0.0,0.0,0.0,0.5,0.0,0.0,1.0,3.0,3,0.09,0.5
EMP0085,Sales,Sales Representative,Low,1,68,10,8,0,0,0,4,0,0,0,0.3202,317.0,0.0,0.8,0.0,0.0,0.0,0.4,0.0,0.0,1.0,3.0,1,0.32,0.4
EMP0086,Legal,Legal Assistant,Medium,0,75,10,9,5,1,3,3,7,7,0,0.3702,396.0,0.0,0.9,0.5,0.1,0.3,0.3,0.7,0.7,0.3,0.4286,2,0.25,0.15
EMP0087,Executive,Chief Officer,High,1,86,10,10,1,1,1,5,3,3,0,0.2029,448.8,0.0,1.0,0.1,0.1,0.1,0.5,0.3,0.3,0.7,1.6667,3,0.14,0.5
EMP0088,Finance,Finance Manager,Medium,0,58,10,10,2,0,1,2,2,2,1,0.4159,306.0,0.0,1.0,0.2,0.0,0.1,0.2,0.2,0.2,0.8,1.0,2,0.42,0.1
EMP0089,Information Technology,IT Support Analyst,Privileged,1,78,10,10,3,0,1,3,3,3,1,0.2835,220.3333,1.0,1.0,0.3,0.0,0.1,0.3,0.3,0.3,0.7,1.0,4,0.22,0.3
EMP0090,Human Resources,HR Manager,Medium,1,65,10,9,3,0,2,3,5,5,2,0.3755,299.0,0.5,0.9,0.3,0.0,0.2,0.3,0.5,0.5,0.5,0.6,2,0.35,0.3
EMP0091,Marketing,Marketing Specialist,Low,0,78,10,6,2,2,0,1,6,6,0,0.3377,352.0,0.0,0.6,0.2,0.2,0.0,0.1,0.6,0.6,0.4,0.1667,1,0.22,0.05
EMP0092,Finance,Finance Manager,Medium,1,70,10,8,3,1,1,3,6,6,1,0.4703,226.0,1.0,0.8,0.3,0.1,0.1,0.3,0.6,0.6,0.4,0.5,2,0.3,0.3
EMP0093,Marketing,Marketing Manager,Medium,1,53,10,8,2,1,1,5,3,3,0,0.3165,174.0,0.0,0.8,0.2,0.1,0.1,0.5,0.3,0.3,0.7,1.6667,2,0.47,0.5
EMP0094,Operations,Operations Analyst,Medium,1,80,10,8,2,1,1,8,5,5,0,0.2323,220.375,0.0,0.8,0.2,0.1,0.1,0.8,0.5,0.5,0.5,1.6,2,0.2,0.8
EMP0095,Sales,Account Executive,Medium,0,84,10,10,2,1,1,7,4,4,0,0.3975,265.5714,0.0,1.0,0.2,0.1,0.1,0.7,0.4,0.4,0.6,1.75,2,0.16,0.35
EMP0096,Information Technology,Security Analyst,Privileged,1,88,10,6,1,0,1,7,3,3,1,0.2824,161.5714,1.0,0.6,0.1,0.0,0.1,0.7,0.3,0.3,0.7,2.3333,4,0.12,0.7
EMP0097,Operations,Operations Specialist,Medium,1,99,10,9,1,0,0,6,2,2,0,0.2388,323.3333,0.0,0.9,0.1,0.0,0.0,0.6,0.2,0.2,0.8,3.0,2,0.01,0.6
EMP0098,Human Resources,HR Specialist,High,1,82,10,8,0,1,0,5,2,2,2,0.2962,222.0,0.5,0.8,0.0,0.1,0.0,0.5,0.2,0.2,0.8,2.5,3,0.18,0.5
EMP0099,Human Resources,HR Specialist,Medium,1,100,10,7,0,0,0,7,2,2,2,0.186,179.4286,0.0,0.7,0.0,0.0,0.0,0.7,0.2,0.2,0.8,3.0,2,0.0,0.7
EMP0100,Operations,Operations Analyst,Medium,1,90,10,9,2,0,0,5,2,2,0,0.1987,284.8,0.0,0.9,0.2,0.0,0.0,0.5,0.2,0.2,0.8,2.5,2,0.1,0.5
EMP0101,Human Resources,HR Specialist,High,1,83,10,8,0,0,0,6,0,0,2,0.2061,174.1667,0.0,0.8,0.0,0.0,0.0,0.6,0.0,0.0,1.0,3.0,3,0.17,0.6
EMP0102,Operations,Operations Analyst,Medium,0,87,10,9,3,1,1,7,4,4,0,0.3575,297.7143,0.0,0.9,0.3,0.1,0.1,0.7,0.4,0.4,0.6,1.75,2,0.13,0.35
EMP0103,Operations,Operations Manager,Low,1,74,10,6,2,0,1,8,4,4,0,0.325,201.375,0.0,0.6,0.2,0.0,0.1,0.8,0.4,0.4,0.6,2.0,1,0.26,0.8
EMP0104,Operations,Operations Manager,Low,1,63,10,8,5,0,3,4,5,5,0,0.3538,207.75,0.0,0.8,0.5,0.0,0.3,0.4,0.5,0.5,0.5,0.8,1,0.37,0.4
EMP0105,Information Technology,System Administrator,Medium,0,95,10,9,3,2,1,4,5,5,1,0.3097,455.5,1.0,0.9,0.3,0.2,0.1,0.4,0.5,0.5,0.5,0.8,2,0.05,0.2
EMP0106,Human Resources,HR Manager,Medium,1,60,10,10,2,1,1,6,3,3,2,0.2641,215.8333,1.0,1.0,0.2,0.1,0.1,0.6,0.3,0.3,0.7,2.0,2,0.4,0.6
EMP0107,Operations,Operations Specialist,Low,1,80,10,9,1,0,1,5,1,1,0,0.1748,221.0,0.0,0.9,0.1,0.0,0.1,0.5,0.1,0.1,0.9,3.0,1,0.2,0.5
EMP0108,Legal,Legal Assistant,High,1,70,10,9,2,1,0,5,3,3,0,0.3164,256.2,0.0,0.9,0.2,0.1,0.0,0.5,0.3,0.3,0.7,1.6667,3,0.3,0.5
EMP0109,Executive,Vice President,High,1,97,10,8,0,2,0,7,2,2,0,0.2449,212.7143,0.0,0.8,0.0,0.2,0.0,0.7,0.2,0.2,0.8,3.0,3,0.03,0.7
EMP0110,Human Resources,HR Manager,High,1,63,10,9,3,0,2,6,5,5,2,0.2977,391.0,0.5,0.9,0.3,0.0,0.2,0.6,0.5,0.5,0.5,1.2,3,0.37,0.6
EMP0111,Operations,Operations Analyst,Low,1,81,10,7,4,1,3,4,7,7,0,0.3016,156.0,0.0,0.7,0.4,0.1,0.3,0.4,0.7,0.7,0.3,0.5714,1,0.19,0.4
EMP0112,Legal,Legal Assistant,High,1,70,10,8,2,1,2,4,4,4,0,0.3289,242.0,0.0,0.8,0.2,0.1,0.2,0.4,0.4,0.4,0.6,1.0,3,0.3,0.4
EMP0113,Information Technology,Security Analyst,High,0,70,10,5,1,2,1,4,5,5,1,0.3949,268.25,0.0,0.5,0.1,0.2,0.1,0.4,0.5,0.5,0.5,0.8,3,0.3,0.2
EMP0114,Marketing,Marketing Manager,Low,1,88,10,9,1,1,1,6,3,3,0,0.3374,294.5,0.0,0.9,0.1,0.1,0.1,0.6,0.3,0.3,0.7,2.0,1,0.12,0.6
EMP0115,Human Resources,HR Specialist,Medium,1,87,10,10,2,0,1,6,2,2,2,0.2966,249.3333,0.0,1.0,0.2,0.0,0.1,0.6,0.2,0.2,0.8,3.0,2,0.13,0.6
EMP0116,Finance,Accountant,Medium,1,85,10,9,3,0,2,6,5,5,1,0.3086,200.5,1.0,0.9,0.3,0.0,0.2,0.6,0.5,0.5,0.5,1.2,2,0.15,0.6
EMP0117,Marketing,Marketing Specialist,Low,1,77,10,9,3,1,2,3,6,6,0,0.2937,326.0,0.0,0.9,0.3,0.1,0.2,0.3,0.6,0.6,0.4,0.5,1,0.23,0.3
EMP0118,Operations,Operations Specialist,Low,1,79,10,8,1,0,0,6,1,1,0,0.1783,192.3333,0.0,0.8,0.1,0.0,0.0,0.6,0.1,0.1,0.9,3.0,1,0.21,0.6
EMP0119,Legal,Legal Assistant,Medium,1,75,10,10,2,0,1,5,3,3,0,0.373,209.8,0.0,1.0,0.2,0.0,0.1,0.5,0.3,0.3,0.7,1.6667,2,0.25,0.5
EMP0120,Human Resources,Recruiter,High,1,91,10,8,3,1,2,6,6,6,2,0.2322,239.1667,0.5,0.8,0.3,0.1,0.2,0.6,0.6,0.6,0.4,1.0,3,0.09,0.6
EMP0121,Information Technology,IT Support Analyst,Medium,1,93,10,6,3,0,0,6,4,4,1,0.1743,200.1667,1.0,0.6,0.3,0.0,0.0,0.6,0.4,0.4,0.6,1.5,2,0.07,0.6
EMP0122,Information Technology,System Administrator,Medium,1,78,10,9,1,0,0,3,2,2,1,0.2613,329.0,0.0,0.9,0.1,0.0,0.0,0.3,0.2,0.2,0.8,1.5,2,0.22,0.3
EMP0123,Information Technology,Security Analyst,High,0,81,10,9,1,0,0,6,2,2,1,0.3705,304.8333,1.0,0.9,0.1,0.0,0.0,0.6,0.2,0.2,0.8,3.0,3,0.19,0.3
EMP0124,Marketing,Marketing Manager,Low,1,76,10,9,1,1,1,7,3,3,0,0.3849,275.7143,0.0,0.9,0.1,0.1,0.1,0.7,0.3,0.3,0.7,2.3333,1,0.24,0.7
EMP0125,Operations,Operations Analyst,Low,1,65,10,6,0,0,0,6,0,0,0,0.3285,278.1667,0.0,0.6,0.0,0.0,0.0,0.6,0.0,0.0,1.0,3.0,1,0.35,0.6
EMP0126,Marketing,Marketing Specialist,Medium,1,63,10,9,2,0,1,3,2,2,0,0.2542,194.0,0.0,0.9,0.2,0.0,0.1,0.3,0.2,0.2,0.8,1.5,2,0.37,0.3
EMP0127,Sales,Sales Representative,Medium,1,77,10,8,2,1,0,8,5,5,0,0.2876,258.0,0.0,0.8,0.2,0.1,0.0,0.8,0.5,0.5,0.5,1.6,2,0.23,0.8
EMP0128,Legal,Compliance Analyst,Medium,1,67,10,9,2,1,0,6,4,4,0,0.3128,344.5,0.0,0.9,0.2,0.1,0.0,0.6,0.4,0.4,0.6,1.5,2,0.33,0.6
EMP0129,Sales,Sales Representative,Low,1,68,10,9,1,1,1,5,3,3,0,0.2948,180.8,0.0,0.9,0.1,0.1,0.1,0.5,0.3,0.3,0.7,1.6667,1,0.32,0.5
EMP0130,Marketing,Digital Marketing Analyst,Medium,1,74,10,9,1,2,0,6,4,4,0,0.3086,250.6667,0.0,0.9,0.1,0.2,0.0,0.6,0.4,0.4,0.6,1.5,2,0.26,0.6
EMP0131,Human Resources,Recruiter,High,0,80,10,8,4,0,2,3,5,5,2,0.4065,244.3333,0.5,0.8,0.4,0.0,0.2,0.3,0.5,0.5,0.5,0.6,3,0.2,0.15
EMP0132,Marketing,Marketing Manager,Medium,1,71,10,8,2,0,1,5,4,4,0,0.2967,265.2,0.0,0.8,0.2,0.0,0.1,0.5,0.4,0.4,0.6,1.25,2,0.29,0.5
EMP0133,Finance,Financial Analyst,High,0,60,10,8,4,0,3,1,5,5,1,0.4011,146.0,1.0,0.8,0.4,0.0,0.3,0.1,0.5,0.5,0.5,0.2,3,0.4,0.05
EMP0134,Information Technology,Security Analyst,High,1,61,10,6,0,1,0,7,4,4,1,0.3243,193.5714,0.0,0.6,0.0,0.1,0.0,0.7,0.4,0.4,0.6,1.75,3,0.39,0.7
EMP0135,Finance,Financial Analyst,High,1,69,10,8,1,0,0,8,2,2,1,0.274,256.375,1.0,0.8,0.1,0.0,0.0,0.8,0.2,0.2,0.8,3.0,3,0.31,0.8
EMP0136,Legal,Legal Manager,High,1,75,10,9,2,0,0,6,2,2,0,0.316,213.0,0.0,0.9,0.2,0.0,0.0,0.6,0.2,0.2,0.8,3.0,3,0.25,0.6
EMP0137,Marketing,Marketing Manager,Low,1,77,10,10,1,0,1,3,1,1,0,0.1823,298.3333,0.0,1.0,0.1,0.0,0.1,0.3,0.1,0.1,0.9,3.0,1,0.23,0.3
EMP0138,Marketing,Marketing Manager,Low,1,65,10,8,2,0,2,5,3,3,0,0.3475,346.4,0.0,0.8,0.2,0.0,0.2,0.5,0.3,0.3,0.7,1.6667,1,0.35,0.5
EMP0139,Operations,Operations Analyst,Medium,0,81,10,8,1,2,0,5,3,3,0,0.3717,255.8,0.0,0.8,0.1,0.2,0.0,0.5,0.3,0.3,0.7,1.6667,2,0.19,0.25
EMP0140,Finance,Finance Manager,Medium,1,68,10,5,1,1,0,4,5,5,1,0.374,323.5,1.0,0.5,0.1,0.1,0.0,0.4,0.5,0.5,0.5,0.8,2,0.32,0.4
EMP0141,Legal,Compliance Analyst,Medium,1,86,10,7,0,1,0,7,2,2,0,0.1662,224.2857,0.0,0.7,0.0,0.1,0.0,0.7,0.2,0.2,0.8,3.0,2,0.14,0.7
EMP0142,Legal,Legal Manager,High,1,73,10,7,2,1,2,7,3,3,0,0.2654,183.2857,0.0,0.7,0.2,0.1,0.2,0.7,0.3,0.3,0.7,2.3333,3,0.27,0.7
EMP0143,Human Resources,HR Manager,High,1,80,10,9,2,0,2,3,3,3,2,0.2246,149.3333,0.5,0.9,0.2,0.0,0.2,0.3,0.3,0.3,0.7,1.0,3,0.2,0.3
EMP0144,Operations,Operations Manager,Medium,1,78,10,8,1,1,0,5,3,3,0,0.3104,263.8,0.0,0.8,0.1,0.1,0.0,0.5,0.3,0.3,0.7,1.6667,2,0.22,0.5
EMP0145,Legal,Compliance Analyst,High,1,95,10,9,2,2,1,6,4,4,0,0.2958,139.6667,0.0,0.9,0.2,0.2,0.1,0.6,0.4,0.4,0.6,1.5,3,0.05,0.6
EMP0146,Information Technology,IT Support Analyst,High,1,89,10,10,0,0,0,7,0,0,1,0.1714,292.5714,0.0,1.0,0.0,0.0,0.0,0.7,0.0,0.0,1.0,3.0,3,0.11,0.7
EMP0147,Marketing,Marketing Manager,Low,1,100,10,9,1,1,0,8,2,2,0,0.1928,305.875,0.0,0.9,0.1,0.1,0.0,0.8,0.2,0.2,0.8,3.0,1,0.0,0.8
EMP0148,Operations,Operations Specialist,Low,1,68,10,7,1,0,1,5,2,2,0,0.2881,615.6,0.0,0.7,0.1,0.0,0.1,0.5,0.2,0.2,0.8,2.5,1,0.32,0.5
EMP0149,Operations,Operations Specialist,Low,1,68,10,8,1,1,0,7,2,2,0,0.2817,188.8571,0.0,0.8,0.1,0.1,0.0,0.7,0.2,0.2,0.8,3.0,1,0.32,0.7
EMP0150,Marketing,Marketing Manager,Medium,1,79,10,6,1,0,0,6,1,1,0,0.303,233.5,0.0,0.6,0.1,0.0,0.0,0.6,0.1,0.1,0.9,3.0,2,0.21,0.6
EMP0151,Executive,Vice President,Privileged,1,89,10,8,2,0,1,5,3,3,0,0.2176,227.2,0.0,0.8,0.2,0.0,0.1,0.5,0.3,0.3,0.7,1.6667,4,0.11,0.5
EMP0152,Sales,Sales Manager,Medium,1,71,10,9,2,1,1,4,5,5,0,0.2454,183.5,0.0,0.9,0.2,0.1,0.1,0.4,0.5,0.5,0.5,0.8,2,0.29,0.4
EMP0153,Information Technology,Security Analyst,Medium,1,62,10,10,4,1,1,3,6,6,1,0.3428,324.0,1.0,1.0,0.4,0.1,0.1,0.3,0.6,0.6,0.4,0.5,2,0.38,0.3
EMP0154,Operations,Operations Manager,Medium,1,99,10,9,2,0,0,7,2,2,0,0.349,221.4286,0.0,0.9,0.2,0.0,0.0,0.7,0.2,0.2,0.8,3.0,2,0.01,0.7
EMP0155,Human Resources,HR Specialist,High,0,92,10,6,2,1,1,5,5,5,2,0.2589,185.2,0.5,0.6,0.2,0.1,0.1,0.5,0.5,0.5,0.5,1.0,3,0.08,0.25
EMP0156,Sales,Sales Representative,Low,1,72,10,9,1,2,0,5,5,5,0,0.3572,274.0,0.0,0.9,0.1,0.2,0.0,0.5,0.5,0.5,0.5,1.0,1,0.28,0.5
EMP0157,Finance,Financial Analyst,Medium,1,76,10,9,2,1,0,3,3,3,1,0.3136,668.0,0.0,0.9,0.2,0.1,0.0,0.3,0.3,0.3,0.7,1.0,2,0.24,0.3
EMP0158,Executive,Chief Officer,High,1,92,10,7,1,0,1,6,1,1,0,0.312,279.5,0.0,0.7,0.1,0.0,0.1,0.6,0.1,0.1,0.9,3.0,3,0.08,0.6
EMP0159,Executive,Vice President,High,1,78,10,9,1,1,0,7,2,2,0,0.2529,161.4286,0.0,0.9,0.1,0.1,0.0,0.7,0.2,0.2,0.8,3.0,3,0.22,0.7
EMP0160,Marketing,Digital Marketing Analyst,Medium,1,78,10,10,3,0,1,5,3,3,0,0.1938,266.2,0.0,1.0,0.3,0.0,0.1,0.5,0.3,0.3,0.7,1.6667,2,0.22,0.5
EMP0161,Sales,Sales Representative,Low,1,65,10,8,3,0,0,7,5,5,0,0.4035,396.1429,0.0,0.8,0.3,0.0,0.0,0.7,0.5,0.5,0.5,1.4,1,0.35,0.7
EMP0162,Human Resources,Recruiter,Medium,1,76,10,9,4,0,3,6,5,5,2,0.386,410.6667,0.5,0.9,0.4,0.0,0.3,0.6,0.5,0.5,0.5,1.2,2,0.24,0.6
EMP0163,Information Technology,Security Analyst,Privileged,1,59,10,10,3,1,2,4,4,4,1,0.3827,421.75,0.0,1.0,0.3,0.1,0.2,0.4,0.4,0.4,0.6,1.0,4,0.41,0.4
EMP0164,Executive,Director,High,1,93,10,10,3,1,2,5,4,4,0,0.2278,202.2,0.0,1.0,0.3,0.1,0.2,0.5,0.4,0.4,0.6,1.25,3,0.07,0.5
EMP0165,Human Resources,Recruiter,Medium,1,92,10,9,2,1,0,7,4,4,2,0.2889,299.0,0.0,0.9,0.2,0.1,0.0,0.7,0.4,0.4,0.6,1.75,2,0.08,0.7
EMP0166,Executive,Chief Officer,Privileged,1,78,10,9,1,0,1,4,2,2,0,0.3039,220.5,0.0,0.9,0.1,0.0,0.1,0.4,0.2,0.2,0.8,2.0,4,0.22,0.4
EMP0167,Executive,Chief Officer,Privileged,1,85,10,8,2,0,2,6,2,2,0,0.2685,386.1667,0.0,0.8,0.2,0.0,0.2,0.6,0.2,0.2,0.8,3.0,4,0.15,0.6
EMP0168,Executive,Director,Privileged,1,94,10,9,2,0,0,8,3,3,0,0.256,154.0,0.0,0.9,0.2,0.0,0.0,0.8,0.3,0.3,0.7,2.6667,4,0.06,0.8
EMP0169,Executive,Vice President,High,0,90,10,10,2,1,2,7,3,3,0,0.2924,208.0,0.0,1.0,0.2,0.1,0.2,0.7,0.3,0.3,0.7,2.3333,3,0.1,0.35
EMP0170,Operations,Operations Manager,Medium,1,56,10,8,3,0,2,4,6,6,0,0.3593,160.25,0.0,0.8,0.3,0.0,0.2,0.4,0.6,0.6,0.4,0.6667,2,0.44,0.4
EMP0171,Sales,Account Executive,Medium,1,96,10,8,0,0,0,8,1,1,0,0.2816,260.125,0.0,0.8,0.0,0.0,0.0,0.8,0.1,0.1,0.9,3.0,2,0.04,0.8
EMP0172,Human Resources,HR Manager,High,1,78,10,9,3,0,1,5,5,5,2,0.3486,326.6,0.5,0.9,0.3,0.0,0.1,0.5,0.5,0.5,0.5,1.0,3,0.22,0.5
EMP0173,Sales,Account Executive,Medium,1,57,10,10,3,0,2,2,3,3,0,0.3105,375.0,0.0,1.0,0.3,0.0,0.2,0.2,0.3,0.3,0.7,0.6667,2,0.43,0.2
EMP0174,Legal,Legal Manager,Medium,1,77,10,9,3,1,1,2,4,4,0,0.2629,325.5,0.0,0.9,0.3,0.1,0.1,0.2,0.4,0.4,0.6,0.5,2,0.23,0.2
EMP0175,Information Technology,IT Support Analyst,Medium,1,62,10,8,3,0,3,5,3,3,1,0.2926,155.4,1.0,0.8,0.3,0.0,0.3,0.5,0.3,0.3,0.7,1.6667,2,0.38,0.5
EMP0176,Marketing,Marketing Manager,Low,0,86,10,7,1,0,0,4,2,2,0,0.2602,180.0,0.0,0.7,0.1,0.0,0.0,0.4,0.2,0.2,0.8,2.0,1,0.14,0.2
EMP0177,Sales,Sales Representative,Medium,1,82,10,9,1,0,0,4,1,1,0,0.2255,268.75,0.0,0.9,0.1,0.0,0.0,0.4,0.1,0.1,0.9,3.0,2,0.18,0.4
EMP0178,Marketing,Digital Marketing Analyst,Medium,1,66,10,8,1,0,0,5,2,2,0,0.2467,309.4,0.0,0.8,0.1,0.0,0.0,0.5,0.2,0.2,0.8,2.5,2,0.34,0.5
EMP0179,Marketing,Marketing Specialist,Low,1,66,10,9,2,1,1,4,4,4,0,0.3773,283.75,0.0,0.9,0.2,0.1,0.1,0.4,0.4,0.4,0.6,1.0,1,0.34,0.4
EMP0180,Marketing,Digital Marketing Analyst,Low,0,84,10,10,3,1,2,5,5,5,0,0.36,248.6,0.0,1.0,0.3,0.1,0.2,0.5,0.5,0.5,0.5,1.0,1,0.16,0.25
EMP0181,Marketing,Digital Marketing Analyst,Low,1,76,10,8,1,0,0,7,2,2,0,0.3536,237.7143,0.0,0.8,0.1,0.0,0.0,0.7,0.2,0.2,0.8,3.0,1,0.24,0.7
EMP0182,Legal,Compliance Analyst,High,1,65,10,9,0,1,0,4,1,1,0,0.2882,382.5,0.0,0.9,0.0,0.1,0.0,0.4,0.1,0.1,0.9,3.0,3,0.35,0.4
EMP0183,Marketing,Marketing Manager,Low,1,69,10,9,2,1,1,5,3,3,0,0.2997,144.2,0.0,0.9,0.2,0.1,0.1,0.5,0.3,0.3,0.7,1.6667,1,0.31,0.5
EMP0184,Executive,Director,Privileged,1,80,10,8,1,0,1,5,1,1,0,0.2416,299.6,0.0,0.8,0.1,0.0,0.1,0.5,0.1,0.1,0.9,3.0,4,0.2,0.5
EMP0185,Marketing,Digital Marketing Analyst,Low,1,85,10,7,1,1,1,6,5,5,0,0.3565,216.8333,0.0,0.7,0.1,0.1,0.1,0.6,0.5,0.5,0.5,1.2,1,0.15,0.6
EMP0186,Marketing,Digital Marketing Analyst,Medium,1,87,10,9,2,0,0,7,2,2,0,0.2418,295.5714,0.0,0.9,0.2,0.0,0.0,0.7,0.2,0.2,0.8,3.0,2,0.13,0.7
EMP0187,Information Technology,System Administrator,Medium,1,59,10,10,2,1,0,8,3,3,1,0.3743,261.625,0.0,1.0,0.2,0.1,0.0,0.8,0.3,0.3,0.7,2.6667,2,0.41,0.8
EMP0188,Finance,Accountant,Medium,1,94,10,8,0,1,0,5,3,3,1,0.2413,207.6,1.0,0.8,0.0,0.1,0.0,0.5,0.3,0.3,0.7,1.6667,2,0.06,0.5
EMP0189,Human Resources,HR Manager,High,1,84,10,8,3,1,0,3,5,5,2,0.2457,311.6667,0.5,0.8,0.3,0.1,0.0,0.3,0.5,0.5,0.5,0.6,3,0.16,0.3
EMP0190,Information Technology,System Administrator,Medium,1,81,10,8,1,0,1,6,1,1,1,0.2649,248.8333,1.0,0.8,0.1,0.0,0.1,0.6,0.1,0.1,0.9,3.0,2,0.19,0.6
EMP0191,Finance,Accountant,High,1,58,10,7,1,1,1,2,4,4,1,0.4142,517.0,0.0,0.7,0.1,0.1,0.1,0.2,0.4,0.4,0.6,0.5,3,0.42,0.2
EMP0192,Legal,Legal Assistant,High,1,80,10,9,3,1,1,6,4,4,0,0.2254,163.5,0.0,0.9,0.3,0.1,0.1,0.6,0.4,0.4,0.6,1.5,3,0.2,0.6
EMP0193,Legal,Compliance Analyst,High,1,70,10,8,1,1,1,3,2,2,0,0.2802,128.0,0.0,0.8,0.1,0.1,0.1,0.3,0.2,0.2,0.8,1.5,3,0.3,0.3
EMP0194,Operations,Operations Specialist,Medium,1,65,10,7,3,1,1,4,5,5,0,0.2852,193.0,0.0,0.7,0.3,0.1,0.1,0.4,0.5,0.5,0.5,0.8,2,0.35,0.4
EMP0195,Human Resources,Recruiter,Medium,1,77,10,8,1,0,0,7,1,1,2,0.2514,287.1429,0.0,0.8,0.1,0.0,0.0,0.7,0.1,0.1,0.9,3.0,2,0.23,0.7
EMP0196,Finance,Accountant,Medium,1,95,10,8,1,1,1,7,4,4,1,0.2091,235.7143,1.0,0.8,0.1,0.1,0.1,0.7,0.4,0.4,0.6,1.75,2,0.05,0.7
EMP0197,Human Resources,HR Manager,Medium,1,65,10,9,4,1,3,1,6,6,2,0.3126,348.0,0.0,0.9,0.4,0.1,0.3,0.1,0.6,0.6,0.4,0.1667,2,0.35,0.1
EMP0198,Finance,Financial Analyst,Medium,1,75,10,8,3,0,2,5,4,4,1,0.3723,193.2,1.0,0.8,0.3,0.0,0.2,0.5,0.4,0.4,0.6,1.25,2,0.25,0.5
EMP0199,Finance,Finance Manager,Medium,1,61,10,6,2,0,1,3,4,4,1,0.3433,183.6667,1.0,0.6,0.2,0.0,0.1,0.3,0.4,0.4,0.6,0.75,2,0.39,0.3
EMP0200,Sales,Sales Representative,Medium,1,84,10,8,1,0,0,6,1,1,0,0.3078,219.5,0.0,0.8,0.1,0.0,0.0,0.6,0.1,0.1,0.9,3.0,2,0.16,0.6
EMP0201,Human Resources,HR Manager,Medium,1,70,10,5,1,0,0,3,3,3,2,0.3413,181.3333,1.0,0.5,0.1,0.0,0.0,0.3,0.3,0.3,0.7,1.0,2,0.3,0.3
EMP0202,Executive,Chief Officer,Privileged,1,67,10,8,4,0,2,6,4,4,0,0.2432,331.6667,0.0,0.8,0.4,0.0,0.2,0.6,0.4,0.4,0.6,1.5,4,0.33,0.6
EMP0203,Legal,Legal Assistant,Medium,1,81,10,7,1,0,1,5,1,1,0,0.2288,286.8,0.0,0.7,0.1,0.0,0.1,0.5,0.1,0.1,0.9,3.0,2,0.19,0.5
EMP0204,Information Technology,System Administrator,Medium,1,77,10,10,3,0,1,7,3,3,1,0.2423,281.4286,0.0,1.0,0.3,0.0,0.1,0.7,0.3,0.3,0.7,2.3333,2,0.23,0.7
EMP0205,Finance,Accountant,High,1,71,10,3,1,0,0,4,2,2,1,0.3188,333.25,1.0,0.3,0.1,0.0,0.0,0.4,0.2,0.2,0.8,2.0,3,0.29,0.4
EMP0206,Marketing,Marketing Manager,Low,1,87,10,7,2,0,1,6,2,2,0,0.3284,263.5,0.0,0.7,0.2,0.0,0.1,0.6,0.2,0.2,0.8,3.0,1,0.13,0.6
EMP0207,Human Resources,HR Manager,Medium,1,57,10,5,2,0,0,5,5,5,2,0.3796,290.0,0.0,0.5,0.2,0.0,0.0,0.5,0.5,0.5,0.5,1.0,2,0.43,0.5
EMP0208,Human Resources,HR Manager,High,1,84,10,9,1,0,0,8,1,1,2,0.2614,317.5,0.0,0.9,0.1,0.0,0.0,0.8,0.1,0.1,0.9,3.0,3,0.16,0.8
EMP0209,Human Resources,HR Manager,Medium,1,58,10,9,3,1,2,2,5,5,2,0.3771,547.5,0.5,0.9,0.3,0.1,0.2,0.2,0.5,0.5,0.5,0.4,2,0.42,0.2
EMP0210,Legal,Legal Manager,High,1,78,10,5,2,0,1,5,3,3,0,0.2759,194.2,0.0,0.5,0.2,0.0,0.1,0.5,0.3,0.3,0.7,1.6667,3,0.22,0.5
EMP0211,Legal,Legal Assistant,High,1,77,10,10,3,0,2,5,3,3,0,0.3072,292.8,0.0,1.0,0.3,0.0,0.2,0.5,0.3,0.3,0.7,1.6667,3,0.23,0.5
EMP0212,Finance,Accountant,High,0,63,10,8,4,1,0,2,6,6,1,0.4794,172.5,1.0,0.8,0.4,0.1,0.0,0.2,0.6,0.6,0.4,0.3333,3,0.37,0.1
EMP0213,Human Resources,Recruiter,High,0,90,10,6,0,1,0,5,1,1,2,0.3233,402.2,0.5,0.6,0.0,0.1,0.0,0.5,0.1,0.1,0.9,3.0,3,0.1,0.25
EMP0214,Executive,Chief Officer,High,1,71,10,5,1,1,0,5,3,3,0,0.2862,200.4,0.0,0.5,0.1,0.1,0.0,0.5,0.3,0.3,0.7,1.6667,3,0.29,0.5
EMP0215,Marketing,Marketing Specialist,Medium,1,48,10,8,3,1,1,3,5,5,0,0.3972,130.6667,0.0,0.8,0.3,0.1,0.1,0.3,0.5,0.5,0.5,0.6,2,0.52,0.3
EMP0216,Executive,Vice President,Privileged,1,68,10,7,2,1,0,4,4,4,0,0.3435,233.75,0.0,0.7,0.2,0.1,0.0,0.4,0.4,0.4,0.6,1.0,4,0.32,0.4
EMP0217,Operations,Operations Specialist,Low,1,82,10,9,2,1,0,2,4,4,0,0.3106,343.5,0.0,0.9,0.2,0.1,0.0,0.2,0.4,0.4,0.6,0.5,1,0.18,0.2
EMP0218,Human Resources,Recruiter,High,1,70,10,7,1,0,1,7,2,2,2,0.2798,198.5714,0.0,0.7,0.1,0.0,0.1,0.7,0.2,0.2,0.8,3.0,3,0.3,0.7
EMP0219,Sales,Account Executive,Medium,1,92,10,10,4,1,0,6,5,5,0,0.2665,188.1667,0.0,1.0,0.4,0.1,0.0,0.6,0.5,0.5,0.5,1.2,2,0.08,0.6
EMP0220,Legal,Legal Assistant,High,1,81,10,8,1,1,1,5,2,2,0,0.2634,298.4,0.0,0.8,0.1,0.1,0.1,0.5,0.2,0.2,0.8,2.5,3,0.19,0.5
EMP0221,Legal,Legal Assistant,High,1,82,10,9,1,0,1,3,2,2,0,0.3219,235.0,0.0,0.9,0.1,0.0,0.1,0.3,0.2,0.2,0.8,1.5,3,0.18,0.3
EMP0222,Sales,Account Executive,Medium,1,72,10,6,1,0,1,7,2,2,0,0.1839,201.4286,0.0,0.6,0.1,0.0,0.1,0.7,0.2,0.2,0.8,3.0,2,0.28,0.7
EMP0223,Legal,Compliance Analyst,High,1,92,10,9,0,0,0,9,1,1,0,0.2267,350.6667,0.0,0.9,0.0,0.0,0.0,0.9,0.1,0.1,0.9,3.0,3,0.08,0.9
EMP0224,Finance,Finance Manager,Medium,1,73,10,5,1,0,1,4,4,4,1,0.3345,344.25,0.0,0.5,0.1,0.0,0.1,0.4,0.4,0.4,0.6,1.0,2,0.27,0.4
EMP0225,Human Resources,HR Specialist,High,1,78,10,9,2,1,0,5,3,3,2,0.3311,339.0,0.5,0.9,0.2,0.1,0.0,0.5,0.3,0.3,0.7,1.6667,3,0.22,0.5
EMP0226,Executive,Chief Officer,High,1,98,10,7,4,0,3,5,4,4,0,0.2274,232.4,0.0,0.7,0.4,0.0,0.3,0.5,0.4,0.4,0.6,1.25,3,0.02,0.5
EMP0227,Executive,Chief Officer,Privileged,1,80,10,8,2,1,1,6,4,4,0,0.2378,237.1667,0.0,0.8,0.2,0.1,0.1,0.6,0.4,0.4,0.6,1.5,4,0.2,0.6
EMP0228,Executive,Director,High,1,87,10,7,1,0,1,8,1,1,0,0.1656,237.625,0.0,0.7,0.1,0.0,0.1,0.8,0.1,0.1,0.9,3.0,3,0.13,0.8
EMP0229,Operations,Operations Analyst,Medium,1,82,10,9,2,0,1,4,2,2,0,0.2845,166.75,0.0,0.9,0.2,0.0,0.1,0.4,0.2,0.2,0.8,2.0,2,0.18,0.4
EMP0230,Sales,Account Executive,Medium,1,73,10,7,1,1,1,3,2,2,0,0.231,301.3333,0.0,0.7,0.1,0.1,0.1,0.3,0.2,0.2,0.8,1.5,2,0.27,0.3
EMP0231,Executive,Chief Officer,Privileged,1,72,10,7,4,1,2,5,7,7,0,0.348,187.8,0.0,0.7,0.4,0.1,0.2,0.5,0.7,0.7,0.3,0.7143,4,0.28,0.5
EMP0232,Marketing,Marketing Manager,Medium,1,67,10,8,2,1,0,4,3,3,0,0.2556,182.5,0.0,0.8,0.2,0.1,0.0,0.4,0.3,0.3,0.7,1.3333,2,0.33,0.4
EMP0233,Legal,Legal Manager,High,1,83,10,6,1,0,1,4,3,3,0,0.3062,190.5,0.0,0.6,0.1,0.0,0.1,0.4,0.3,0.3,0.7,1.3333,3,0.17,0.4
EMP0234,Operations,Operations Specialist,Medium,1,82,10,7,1,0,0,4,2,2,0,0.2953,189.25,0.0,0.7,0.1,0.0,0.0,0.4,0.2,0.2,0.8,2.0,2,0.18,0.4
EMP0235,Sales,Sales Representative,Low,1,74,10,8,1,0,0,6,1,1,0,0.2721,247.1667,0.0,0.8,0.1,0.0,0.0,0.6,0.1,0.1,0.9,3.0,1,0.26,0.6
EMP0236,Legal,Legal Assistant,Medium,0,66,10,9,2,1,1,5,4,4,0,0.4529,265.4,0.0,0.9,0.2,0.1,0.1,0.5,0.4,0.4,0.6,1.25,2,0.34,0.25
EMP0237,Sales,Sales Representative,Medium,1,88,10,9,3,0,1,7,4,4,0,0.3177,183.0,0.0,0.9,0.3,0.0,0.1,0.7,0.4,0.4,0.6,1.75,2,0.12,0.7
EMP0238,Operations,Operations Manager,Medium,1,94,10,8,2,0,1,6,3,3,0,0.263,352.1667,0.0,0.8,0.2,0.0,0.1,0.6,0.3,0.3,0.7,2.0,2,0.06,0.6
EMP0239,Human Resources,HR Specialist,High,1,56,10,9,2,1,0,3,3,3,2,0.3502,245.0,0.5,0.9,0.2,0.1,0.0,0.3,0.3,0.3,0.7,1.0,3,0.44,0.3
EMP0240,Sales,Account Executive,Low,1,95,10,9,1,0,0,5,1,1,0,0.1635,219.6,0.0,0.9,0.1,0.0,0.0,0.5,0.1,0.1,0.9,3.0,1,0.05,0.5
EMP0241,Operations,Operations Analyst,Low,1,100,10,4,1,1,1,7,4,4,0,0.2182,249.0,0.0,0.4,0.1,0.1,0.1,0.7,0.4,0.4,0.6,1.75,1,0.0,0.7
EMP0242,Operations,Operations Analyst,Low,1,79,10,8,1,0,0,5,2,2,0,0.2073,276.8,0.0,0.8,0.1,0.0,0.0,0.5,0.2,0.2,0.8,2.5,1,0.21,0.5
EMP0243,Operations,Operations Manager,Low,1,83,10,7,2,0,2,9,2,2,0,0.1992,334.8889,0.0,0.7,0.2,0.0,0.2,0.9,0.2,0.2,0.8,3.0,1,0.17,0.9
EMP0244,Executive,Director,High,1,80,10,9,3,0,2,5,3,3,0,0.3368,214.4,0.0,0.9,0.3,0.0,0.2,0.5,0.3,0.3,0.7,1.6667,3,0.2,0.5
EMP0245,Operations,Operations Specialist,Medium,1,97,10,7,3,0,0,6,3,3,0,0.2323,170.8333,0.0,0.7,0.3,0.0,0.0,0.6,0.3,0.3,0.7,2.0,2,0.03,0.6
EMP0246,Executive,Vice President,High,1,71,10,10,0,2,0,5,3,3,0,0.3834,256.2,0.0,1.0,0.0,0.2,0.0,0.5,0.3,0.3,0.7,1.6667,3,0.29,0.5
EMP0247,Finance,Accountant,High,0,78,10,9,1,0,1,6,2,2,1,0.3568,303.8333,0.0,0.9,0.1,0.0,0.1,0.6,0.2,0.2,0.8,3.0,3,0.22,0.3
EMP0248,Human Resources,HR Specialist,High,1,91,10,7,0,0,0,7,0,0,2,0.2043,241.4286,0.0,0.7,0.0,0.0,0.0,0.7,0.0,0.0,1.0,3.0,3,0.09,0.7
EMP0249,Executive,Director,High,1,65,10,10,1,0,1,5,2,2,0,0.2902,187.8,0.0,1.0,0.1,0.0,0.1,0.5,0.2,0.2,0.8,2.5,3,0.35,0.5
EMP0250,Information Technology,IT Support Analyst,Privileged,1,58,10,6,2,0,1,3,4,4,1,0.3661,195.6667,1.0,0.6,0.2,0.0,0.1,0.3,0.4,0.4,0.6,0.75,4,0.42,0.3
EMP0251,Operations,Operations Analyst,Low,1,73,10,9,1,0,1,7,1,1,0,0.2715,237.4286,0.0,0.9,0.1,0.0,0.1,0.7,0.1,0.1,0.9,3.0,1,0.27,0.7
EMP0252,Human Resources,HR Manager,High,1,98,10,6,0,0,0,5,1,1,2,0.2402,211.6,0.0,0.6,0.0,0.0,0.0,0.5,0.1,0.1,0.9,3.0,3,0.02,0.5
EMP0253,Sales,Sales Manager,Medium,1,45,10,10,2,1,1,2,3,3,0,0.4163,297.0,0.0,1.0,0.2,0.1,0.1,0.2,0.3,0.3,0.7,0.6667,2,0.55,0.2
EMP0254,Executive,Vice President,Privileged,1,77,10,6,2,0,1,4,3,3,0,0.256,221.75,0.0,0.6,0.2,0.0,0.1,0.4,0.3,0.3,0.7,1.3333,4,0.23,0.4
EMP0255,Marketing,Digital Marketing Analyst,Low,1,74,10,8,3,2,2,5,6,6,0,0.4334,219.2,0.0,0.8,0.3,0.2,0.2,0.5,0.6,0.6,0.4,0.8333,1,0.26,0.5
EMP0256,Human Resources,HR Specialist,Medium,1,64,10,6,2,2,1,3,6,6,2,0.4264,194.0,0.5,0.6,0.2,0.2,0.1,0.3,0.6,0.6,0.4,0.5,2,0.36,0.3
EMP0257,Operations,Operations Manager,Low,1,78,10,8,2,0,0,5,2,2,0,0.2496,169.0,0.0,0.8,0.2,0.0,0.0,0.5,0.2,0.2,0.8,2.5,1,0.22,0.5
EMP0258,Information Technology,IT Support Analyst,Medium,1,77,10,9,2,0,2,6,3,3,1,0.3024,193.3333,1.0,0.9,0.2,0.0,0.2,0.6,0.3,0.3,0.7,2.0,2,0.23,0.6
EMP0259,Human Resources,HR Specialist,Medium,1,77,10,8,3,0,1,3,3,3,2,0.2899,215.0,0.0,0.8,0.3,0.0,0.1,0.3,0.3,0.3,0.7,1.0,2,0.23,0.3
EMP0260,Marketing,Digital Marketing Analyst,Medium,0,71,10,7,2,1,1,5,4,4,0,0.3604,169.0,0.0,0.7,0.2,0.1,0.1,0.5,0.4,0.4,0.6,1.25,2,0.29,0.25
EMP0261,Operations,Operations Analyst,Low,1,46,10,9,3,0,1,3,3,3,0,0.3412,279.0,0.0,0.9,0.3,0.0,0.1,0.3,0.3,0.3,0.7,1.0,1,0.54,0.3
EMP0262,Operations,Operations Manager,Medium,1,91,10,7,1,0,1,6,2,2,0,0.2358,297.8333,0.0,0.7,0.1,0.0,0.1,0.6,0.2,0.2,0.8,3.0,2,0.09,0.6
EMP0263,Executive,Director,High,1,61,10,7,1,0,1,7,2,2,0,0.2395,301.0,0.0,0.7,0.1,0.0,0.1,0.7,0.2,0.2,0.8,3.0,3,0.39,0.7
EMP0264,Operations,Operations Manager,Low,1,68,10,7,1,1,0,7,3,3,0,0.2454,243.5714,0.0,0.7,0.1,0.1,0.0,0.7,0.3,0.3,0.7,2.3333,1,0.32,0.7
EMP0265,Marketing,Marketing Specialist,Low,1,89,10,6,1,0,1,7,1,1,0,0.3063,284.4286,0.0,0.6,0.1,0.0,0.1,0.7,0.1,0.1,0.9,3.0,1,0.11,0.7
EMP0266,Information Technology,System Administrator,Medium,1,93,10,9,4,0,3,7,5,5,1,0.301,237.2857,1.0,0.9,0.4,0.0,0.3,0.7,0.5,0.5,0.5,1.4,2,0.07,0.7
EMP0267,Human Resources,HR Specialist,Medium,1,71,10,7,2,0,1,2,3,3,2,0.2524,348.5,0.5,0.7,0.2,0.0,0.1,0.2,0.3,0.3,0.7,0.6667,2,0.29,0.2
EMP0268,Operations,Operations Manager,Medium,1,83,10,10,2,1,0,9,3,3,0,0.2539,220.2222,0.0,1.0,0.2,0.1,0.0,0.9,0.3,0.3,0.7,3.0,2,0.17,0.9
EMP0269,Executive,Director,Privileged,1,86,10,9,1,0,0,4,1,1,0,0.2719,201.0,0.0,0.9,0.1,0.0,0.0,0.4,0.1,0.1,0.9,3.0,4,0.14,0.4
EMP0270,Operations,Operations Manager,Medium,1,83,10,7,0,0,0,5,2,2,0,0.2211,312.0,0.0,0.7,0.0,0.0,0.0,0.5,0.2,0.2,0.8,2.5,2,0.17,0.5
EMP0271,Operations,Operations Manager,Medium,1,85,10,8,2,1,1,4,3,3,0,0.1608,289.0,0.0,0.8,0.2,0.1,0.1,0.4,0.3,0.3,0.7,1.3333,2,0.15,0.4
EMP0272,Executive,Director,High,0,74,10,8,2,0,1,5,3,3,0,0.4108,391.2,0.0,0.8,0.2,0.0,0.1,0.5,0.3,0.3,0.7,1.6667,3,0.26,0.25
EMP0273,Marketing,Marketing Manager,Medium,0,81,10,8,2,0,2,3,3,3,0,0.4407,257.6667,0.0,0.8,0.2,0.0,0.2,0.3,0.3,0.3,0.7,1.0,2,0.19,0.15
EMP0274,Operations,Operations Analyst,Low,1,62,10,10,0,0,0,5,0,0,0,0.2713,208.0,0.0,1.0,0.0,0.0,0.0,0.5,0.0,0.0,1.0,3.0,1,0.38,0.5
EMP0275,Sales,Sales Manager,Low,1,69,10,8,3,1,1,9,4,4,0,0.3448,242.1111,0.0,0.8,0.3,0.1,0.1,0.9,0.4,0.4,0.6,2.25,1,0.31,0.9
EMP0276,Operations,Operations Manager,Low,1,61,10,7,3,1,3,3,4,4,0,0.467,171.6667,0.0,0.7,0.3,0.1,0.3,0.3,0.4,0.4,0.6,0.75,1,0.39,0.3
EMP0277,Information Technology,System Administrator,Privileged,1,53,10,8,4,0,3,5,5,5,1,0.3897,405.6,1.0,0.8,0.4,0.0,0.3,0.5,0.5,0.5,0.5,1.0,4,0.47,0.5
EMP0278,Executive,Vice President,High,1,98,10,7,2,0,0,3,3,3,0,0.1656,108.0,0.0,0.7,0.2,0.0,0.0,0.3,0.3,0.3,0.7,1.0,3,0.02,0.3
EMP0279,Marketing,Marketing Manager,Medium,0,77,10,9,4,1,2,3,7,7,0,0.3993,250.6667,0.0,0.9,0.4,0.1,0.2,0.3,0.7,0.7,0.3,0.4286,2,0.23,0.15
EMP0280,Human Resources,Recruiter,High,1,91,10,9,0,0,0,6,0,0,2,0.1679,180.6667,0.0,0.9,0.0,0.0,0.0,0.6,0.0,0.0,1.0,3.0,3,0.09,0.6
EMP0281,Marketing,Digital Marketing Analyst,Medium,0,81,10,7,1,1,1,4,4,4,0,0.3198,188.5,0.0,0.7,0.1,0.1,0.1,0.4,0.4,0.4,0.6,1.0,2,0.19,0.2
EMP0282,Human Resources,HR Specialist,High,1,57,10,9,4,0,1,4,4,4,2,0.4314,161.75,0.0,0.9,0.4,0.0,0.1,0.4,0.4,0.4,0.6,1.0,3,0.43,0.4
EMP0283,Marketing,Marketing Manager,Medium,1,78,10,7,2,1,1,4,3,3,0,0.2302,313.25,0.0,0.7,0.2,0.1,0.1,0.4,0.3,0.3,0.7,1.3333,2,0.22,0.4
EMP0284,Operations,Operations Manager,Medium,1,82,10,8,1,0,0,6,1,1,0,0.3071,300.5,0.0,0.8,0.1,0.0,0.0,0.6,0.1,0.1,0.9,3.0,2,0.18,0.6
EMP0285,Finance,Accountant,Medium,1,80,10,9,1,1,1,6,4,4,1,0.2538,193.0,1.0,0.9,0.1,0.1,0.1,0.6,0.4,0.4,0.6,1.5,2,0.2,0.6
EMP0286,Legal,Compliance Analyst,High,1,66,10,6,1,0,0,4,2,2,0,0.3391,201.5,0.0,0.6,0.1,0.0,0.0,0.4,0.2,0.2,0.8,2.0,3,0.34,0.4
EMP0287,Human Resources,Recruiter,Medium,1,81,10,9,1,0,0,5,1,1,2,0.2793,316.8,0.5,0.9,0.1,0.0,0.0,0.5,0.1,0.1,0.9,3.0,2,0.19,0.5
EMP0288,Executive,Vice President,High,1,89,10,8,1,0,0,7,1,1,0,0.2259,328.4286,0.0,0.8,0.1,0.0,0.0,0.7,0.1,0.1,0.9,3.0,3,0.11,0.7
EMP0289,Sales,Sales Manager,Medium,1,55,10,9,1,0,1,6,2,2,0,0.3743,238.3333,0.0,0.9,0.1,0.0,0.1,0.6,0.2,0.2,0.8,3.0,2,0.45,0.6
EMP0290,Executive,Chief Officer,Privileged,0,62,10,9,1,0,0,2,1,1,0,0.3361,376.0,0.0,0.9,0.1,0.0,0.0,0.2,0.1,0.1,0.9,2.0,4,0.38,0.1
EMP0291,Finance,Financial Analyst,High,1,80,10,9,0,1,0,6,2,2,1,0.2976,328.0,0.0,0.9,0.0,0.1,0.0,0.6,0.2,0.2,0.8,3.0,3,0.2,0.6
EMP0292,Information Technology,System Administrator,High,1,68,10,8,1,0,1,3,4,4,1,0.2889,349.3333,1.0,0.8,0.1,0.0,0.1,0.3,0.4,0.4,0.6,0.75,3,0.32,0.3
EMP0293,Executive,Director,High,1,66,10,9,1,1,0,6,3,3,0,0.238,234.0,0.0,0.9,0.1,0.1,0.0,0.6,0.3,0.3,0.7,2.0,3,0.34,0.6
EMP0294,Sales,Sales Manager,Low,1,90,10,8,1,1,0,7,2,2,0,0.2536,250.5714,0.0,0.8,0.1,0.1,0.0,0.7,0.2,0.2,0.8,3.0,1,0.1,0.7
EMP0295,Operations,Operations Manager,Low,1,67,10,7,0,1,0,5,1,1,0,0.3413,436.0,0.0,0.7,0.0,0.1,0.0,0.5,0.1,0.1,0.9,3.0,1,0.33,0.5
EMP0296,Marketing,Marketing Specialist,Low,1,86,10,7,0,0,0,4,0,0,0,0.2267,477.5,0.0,0.7,0.0,0.0,0.0,0.4,0.0,0.0,1.0,3.0,1,0.14,0.4
EMP0297,Human Resources,Recruiter,Medium,0,100,10,9,1,1,0,4,3,3,2,0.2129,429.5,0.5,0.9,0.1,0.1,0.0,0.4,0.3,0.3,0.7,1.3333,2,0.0,0.2
EMP0298,Information Technology,System Administrator,Privileged,1,76,10,7,0,0,0,3,2,2,1,0.2757,215.6667,1.0,0.7,0.0,0.0,0.0,0.3,0.2,0.2,0.8,1.5,4,0.24,0.3
EMP0299,Operations,Operations Manager,Medium,0,77,10,8,1,0,1,2,3,3,0,0.3418,263.0,0.0,0.8,0.1,0.0,0.1,0.2,0.3,0.3,0.7,0.6667,2,0.23,0.1
EMP0300,Marketing,Digital Marketing Analyst,Medium,1,99,10,9,1,0,0,4,1,1,0,0.1908,163.5,0.0,0.9,0.1,0.0,0.0,0.4,0.1,0.1,0.9,3.0,2,0.01,0.4
EMP0301,Sales,Account Executive,Low,1,85,10,9,0,1,0,5,1,1,0,0.2328,211.2,0.0,0.9,0.0,0.1,0.0,0.5,0.1,0.1,0.9,3.0,1,0.15,0.5
EMP0302,Marketing,Marketing Specialist,Low,1,89,10,7,2,0,1,3,4,4,0,0.2176,163.3333,0.0,0.7,0.2,0.0,0.1,0.3,0.4,0.4,0.6,0.75,1,0.11,0.3
EMP0303,Human Resources,Recruiter,High,0,77,10,7,2,0,0,2,2,2,2,0.339,327.5,0.5,0.7,0.2,0.0,0.0,0.2,0.2,0.2,0.8,1.0,3,0.23,0.1
EMP0304,Legal,Legal Manager,High,1,85,10,9,1,1,1,7,3,3,0,0.2994,277.4286,0.0,0.9,0.1,0.1,0.1,0.7,0.3,0.3,0.7,2.3333,3,0.15,0.7
EMP0305,Finance,Accountant,High,1,84,10,9,1,1,1,4,3,3,1,0.2319,319.0,0.0,0.9,0.1,0.1,0.1,0.4,0.3,0.3,0.7,1.3333,3,0.16,0.4
EMP0306,Executive,Director,Privileged,1,90,10,5,1,1,1,5,4,4,0,0.2546,139.0,0.0,0.5,0.1,0.1,0.1,0.5,0.4,0.4,0.6,1.25,4,0.1,0.5
EMP0307,Executive,Vice President,Privileged,1,83,10,8,2,0,0,8,4,4,0,0.2635,277.875,0.0,0.8,0.2,0.0,0.0,0.8,0.4,0.4,0.6,2.0,4,0.17,0.8
EMP0308,Marketing,Digital Marketing Analyst,Medium,1,80,10,7,2,1,1,5,3,3,0,0.1864,219.8,0.0,0.7,0.2,0.1,0.1,0.5,0.3,0.3,0.7,1.6667,2,0.2,0.5
EMP0309,Sales,Sales Manager,Low,0,65,10,8,2,0,2,4,3,3,0,0.3154,221.0,0.0,0.8,0.2,0.0,0.2,0.4,0.3,0.3,0.7,1.3333,1,0.35,0.2
EMP0310,Marketing,Marketing Specialist,Medium,1,90,10,8,0,0,0,8,1,1,0,0.2793,280.625,0.0,0.8,0.0,0.0,0.0,0.8,0.1,0.1,0.9,3.0,2,0.1,0.8
EMP0311,Finance,Accountant,High,1,78,10,9,1,1,1,6,3,3,1,0.313,279.8333,1.0,0.9,0.1,0.1,0.1,0.6,0.3,0.3,0.7,2.0,3,0.22,0.6
EMP0312,Marketing,Digital Marketing Analyst,Low,1,78,10,6,1,1,1,5,2,2,0,0.1677,198.2,0.0,0.6,0.1,0.1,0.1,0.5,0.2,0.2,0.8,2.5,1,0.22,0.5
EMP0313,Executive,Director,High,1,72,10,7,0,0,0,6,0,0,0,0.164,181.1667,0.0,0.7,0.0,0.0,0.0,0.6,0.0,0.0,1.0,3.0,3,0.28,0.6
EMP0314,Legal,Legal Assistant,High,1,74,10,5,0,0,0,3,5,5,0,0.3593,138.3333,0.0,0.5,0.0,0.0,0.0,0.3,0.5,0.5,0.5,0.6,3,0.26,0.3
EMP0315,Human Resources,HR Manager,High,1,75,10,9,3,0,2,5,3,3,2,0.3313,231.0,0.5,0.9,0.3,0.0,0.2,0.5,0.3,0.3,0.7,1.6667,3,0.25,0.5
EMP0316,Finance,Finance Manager,Medium,1,72,10,6,2,0,0,5,2,2,1,0.2589,225.8,0.0,0.6,0.2,0.0,0.0,0.5,0.2,0.2,0.8,2.5,2,0.28,0.5
EMP0317,Marketing,Marketing Manager,Low,1,81,10,8,0,0,0,7,1,1,0,0.2963,345.8571,0.0,0.8,0.0,0.0,0.0,0.7,0.1,0.1,0.9,3.0,1,0.19,0.7
EMP0318,Human Resources,Recruiter,High,0,88,10,8,0,2,0,5,3,3,2,0.3107,319.4,0.5,0.8,0.0,0.2,0.0,0.5,0.3,0.3,0.7,1.6667,3,0.12,0.25
EMP0319,Legal,Legal Manager,High,0,78,10,8,2,2,1,4,6,6,0,0.3758,109.75,0.0,0.8,0.2,0.2,0.1,0.4,0.6,0.6,0.4,0.6667,3,0.22,0.2
EMP0320,Human Resources,Recruiter,High,1,90,10,9,0,0,0,7,0,0,2,0.1801,364.4286,0.0,0.9,0.0,0.0,0.0,0.7,0.0,0.0,1.0,3.0,3,0.1,0.7
EMP0321,Legal,Legal Manager,High,1,71,10,9,2,2,0,3,4,4,0,0.2913,281.3333,0.0,0.9,0.2,0.2,0.0,0.3,0.4,0.4,0.6,0.75,3,0.29,0.3
EMP0322,Finance,Finance Manager,Medium,1,94,10,8,1,0,1,6,1,1,1,0.263,456.5,0.0,0.8,0.1,0.0,0.1,0.6,0.1,0.1,0.9,3.0,2,0.06,0.6
EMP0323,Sales,Sales Manager,Medium,1,72,10,9,3,1,1,5,4,4,0,0.3699,206.2,0.0,0.9,0.3,0.1,0.1,0.5,0.4,0.4,0.6,1.25,2,0.28,0.5
EMP0324,Sales,Sales Manager,Low,1,95,10,8,0,2,0,2,3,3,0,0.248,209.0,0.0,0.8,0.0,0.2,0.0,0.2,0.3,0.3,0.7,0.6667,1,0.05,0.2
EMP0325,Marketing,Marketing Specialist,Low,0,61,10,10,2,0,0,1,2,2,0,0.3486,109.0,0.0,1.0,0.2,0.0,0.0,0.1,0.2,0.2,0.8,0.5,1,0.39,0.05
EMP0326,Executive,Director,Privileged,1,66,10,7,1,0,0,7,2,2,0,0.228,221.2857,0.0,0.7,0.1,0.0,0.0,0.7,0.2,0.2,0.8,3.0,4,0.34,0.7
EMP0327,Finance,Financial Analyst,High,0,77,10,8,1,0,0,5,1,1,1,0.4094,253.4,0.0,0.8,0.1,0.0,0.0,0.5,0.1,0.1,0.9,3.0,3,0.23,0.25
EMP0328,Finance,Accountant,High,1,80,10,8,2,1,1,4,3,3,1,0.2488,194.25,0.0,0.8,0.2,0.1,0.1,0.4,0.3,0.3,0.7,1.3333,3,0.2,0.4
EMP0329,Legal,Compliance Analyst,Medium,1,89,10,9,1,1,0,3,3,3,0,0.2451,272.6667,0.0,0.9,0.1,0.1,0.0,0.3,0.3,0.3,0.7,1.0,2,0.11,0.3
EMP0330,Sales,Sales Manager,Medium,1,75,10,7,1,0,0,7,1,1,0,0.2722,310.2857,0.0,0.7,0.1,0.0,0.0,0.7,0.1,0.1,0.9,3.0,2,0.25,0.7
EMP0331,Information Technology,IT Support Analyst,Medium,1,79,10,7,3,1,0,5,4,4,1,0.3648,167.4,1.0,0.7,0.3,0.1,0.0,0.5,0.4,0.4,0.6,1.25,2,0.21,0.5
EMP0332,Human Resources,HR Manager,High,1,83,10,8,1,2,0,3,3,3,2,0.2995,215.0,0.5,0.8,0.1,0.2,0.0,0.3,0.3,0.3,0.7,1.0,3,0.17,0.3
EMP0333,Sales,Account Executive,Low,1,70,10,6,2,0,1,2,2,2,0,0.2847,92.5,0.0,0.6,0.2,0.0,0.1,0.2,0.2,0.2,0.8,1.0,1,0.3,0.2
EMP0334,Sales,Account Executive,Medium,1,71,10,8,1,0,1,5,1,1,0,0.2876,229.6,0.0,0.8,0.1,0.0,0.1,0.5,0.1,0.1,0.9,3.0,2,0.29,0.5
EMP0335,Executive,Vice President,High,1,95,10,10,1,1,0,8,2,2,0,0.2347,247.0,0.0,1.0,0.1,0.1,0.0,0.8,0.2,0.2,0.8,3.0,3,0.05,0.8
EMP0336,Executive,Vice President,High,1,71,10,9,1,2,1,4,4,4,0,0.3736,384.75,0.0,0.9,0.1,0.2,0.1,0.4,0.4,0.4,0.6,1.0,3,0.29,0.4
EMP0337,Human Resources,Recruiter,High,1,80,10,9,4,0,2,6,6,6,2,0.302,238.8333,0.0,0.9,0.4,0.0,0.2,0.6,0.6,0.6,0.4,1.0,3,0.2,0.6
EMP0338,Operations,Operations Manager,Medium,1,59,10,7,3,0,2,0,6,6,0,0.3353,0.0,0.0,0.7,0.3,0.0,0.2,0.0,0.6,0.6,0.4,0.0,2,0.41,0.0
EMP0339,Operations,Operations Specialist,Medium,1,70,10,8,2,2,1,3,5,5,0,0.2873,143.0,0.0,0.8,0.2,0.2,0.1,0.3,0.5,0.5,0.5,0.6,2,0.3,0.3
EMP0340,Sales,Account Executive,Medium,1,73,10,7,1,0,0,1,2,2,0,0.3054,143.0,0.0,0.7,0.1,0.0,0.0,0.1,0.2,0.2,0.8,0.5,2,0.27,0.1
EMP0341,Human Resources,HR Specialist,High,1,85,10,9,0,0,0,4,0,0,2,0.1943,336.25,0.0,0.9,0.0,0.0,0.0,0.4,0.0,0.0,1.0,3.0,3,0.15,0.4
EMP0342,Legal,Legal Manager,High,1,100,10,10,3,1,1,5,4,4,0,0.1875,153.0,0.0,1.0,0.3,0.1,0.1,0.5,0.4,0.4,0.6,1.25,3,0.0,0.5
EMP0343,Operations,Operations Analyst,Medium,1,77,10,8,3,2,2,3,5,5,0,0.2826,241.6667,0.0,0.8,0.3,0.2,0.2,0.3,0.5,0.5,0.5,0.6,2,0.23,0.3
EMP0344,Operations,Operations Analyst,Low,1,99,10,6,1,0,0,7,3,3,0,0.2108,284.1429,0.0,0.6,0.1,0.0,0.0,0.7,0.3,0.3,0.7,2.3333,1,0.01,0.7
EMP0345,Executive,Vice President,High,0,77,10,9,4,0,2,5,4,4,0,0.371,184.4,0.0,0.9,0.4,0.0,0.2,0.5,0.4,0.4,0.6,1.25,3,0.23,0.25
EMP0346,Legal,Legal Assistant,Medium,1,92,10,9,2,0,1,8,2,2,0,0.1926,245.125,0.0,0.9,0.2,0.0,0.1,0.8,0.2,0.2,0.8,3.0,2,0.08,0.8
EMP0347,Operations,Operations Manager,Low,1,86,10,8,1,0,1,5,2,2,0,0.1963,304.2,0.0,0.8,0.1,0.0,0.1,0.5,0.2,0.2,0.8,2.5,1,0.14,0.5
EMP0348,Human Resources,HR Manager,Medium,1,100,10,8,1,0,1,7,1,1,2,0.264,194.5714,0.0,0.8,0.1,0.0,0.1,0.7,0.1,0.1,0.9,3.0,2,0.0,0.7
EMP0349,Operations,Operations Specialist,Low,1,87,10,10,2,1,1,5,3,3,0,0.3116,182.4,0.0,1.0,0.2,0.1,0.1,0.5,0.3,0.3,0.7,1.6667,1,0.13,0.5
EMP0350,Legal,Legal Manager,Medium,1,84,10,10,1,1,0,4,2,2,0,0.3051,404.5,0.0,1.0,0.1,0.1,0.0,0.4,0.2,0.2,0.8,2.0,2,0.16,0.4
EMP0351,Human Resources,Recruiter,High,1,75,10,9,2,0,1,4,2,2,2,0.331,352.75,0.5,0.9,0.2,0.0,0.1,0.4,0.2,0.2,0.8,2.0,3,0.25,0.4
EMP0352,Marketing,Marketing Specialist,Low,1,79,10,10,1,1,1,3,2,2,0,0.222,113.0,0.0,1.0,0.1,0.1,0.1,0.3,0.2,0.2,0.8,1.5,1,0.21,0.3
EMP0353,Information Technology,Security Analyst,High,1,78,10,10,2,0,1,3,2,2,1,0.3241,390.6667,1.0,1.0,0.2,0.0,0.1,0.3,0.2,0.2,0.8,1.5,3,0.22,0.3
EMP0354,Operations,Operations Analyst,Medium,1,93,10,9,3,1,3,5,4,4,0,0.2677,160.4,0.0,0.9,0.3,0.1,0.3,0.5,0.4,0.4,0.6,1.25,2,0.07,0.5
EMP0355,Executive,Vice President,Privileged,1,61,10,7,0,1,0,5,2,2,0,0.3123,243.4,0.0,0.7,0.0,0.1,0.0,0.5,0.2,0.2,0.8,2.5,4,0.39,0.5
EMP0356,Human Resources,Recruiter,Medium,1,86,10,10,2,1,1,4,3,3,2,0.2131,299.25,0.5,1.0,0.2,0.1,0.1,0.4,0.3,0.3,0.7,1.3333,2,0.14,0.4
EMP0357,Information Technology,IT Support Analyst,Privileged,0,80,10,9,1,1,0,3,2,2,1,0.2971,386.3333,0.0,0.9,0.1,0.1,0.0,0.3,0.2,0.2,0.8,1.5,4,0.2,0.15
EMP0358,Marketing,Marketing Manager,Medium,1,96,10,8,2,0,2,7,3,3,0,0.2614,173.2857,0.0,0.8,0.2,0.0,0.2,0.7,0.3,0.3,0.7,2.3333,2,0.04,0.7
EMP0359,Human Resources,Recruiter,Medium,1,72,10,8,1,1,0,5,3,3,2,0.3542,537.4,0.0,0.8,0.1,0.1,0.0,0.5,0.3,0.3,0.7,1.6667,2,0.28,0.5
EMP0360,Operations,Operations Manager,Low,1,80,10,6,2,0,1,5,4,4,0,0.2612,337.4,0.0,0.6,0.2,0.0,0.1,0.5,0.4,0.4,0.6,1.25,1,0.2,0.5
EMP0361,Executive,Vice President,Privileged,1,92,10,8,2,0,1,5,4,4,0,0.308,256.2,0.0,0.8,0.2,0.0,0.1,0.5,0.4,0.4,0.6,1.25,4,0.08,0.5
EMP0362,Marketing,Marketing Manager,Medium,1,59,10,9,3,1,0,1,4,4,0,0.3983,786.0,0.0,0.9,0.3,0.1,0.0,0.1,0.4,0.4,0.6,0.25,2,0.41,0.1
EMP0363,Human Resources,HR Manager,Medium,1,71,10,8,2,0,1,3,2,2,2,0.3469,322.3333,0.5,0.8,0.2,0.0,0.1,0.3,0.2,0.2,0.8,1.5,2,0.29,0.3
EMP0364,Executive,Director,Privileged,0,82,10,6,2,0,1,2,3,3,0,0.3796,157.0,0.0,0.6,0.2,0.0,0.1,0.2,0.3,0.3,0.7,0.6667,4,0.18,0.1
EMP0365,Sales,Sales Manager,Low,1,96,10,10,1,0,1,6,1,1,0,0.2041,314.0,0.0,1.0,0.1,0.0,0.1,0.6,0.1,0.1,0.9,3.0,1,0.04,0.6
EMP0366,Executive,Chief Officer,Privileged,1,77,10,8,1,1,0,5,2,2,0,0.3078,161.6,0.0,0.8,0.1,0.1,0.0,0.5,0.2,0.2,0.8,2.5,4,0.23,0.5
EMP0367,Marketing,Marketing Specialist,Low,1,60,10,8,1,0,1,3,2,2,0,0.2841,563.6667,0.0,0.8,0.1,0.0,0.1,0.3,0.2,0.2,0.8,1.5,1,0.4,0.3
EMP0368,Finance,Financial Analyst,High,1,51,10,6,1,0,0,5,2,2,1,0.273,314.6,0.0,0.6,0.1,0.0,0.0,0.5,0.2,0.2,0.8,2.5,3,0.49,0.5
EMP0369,Executive,Director,High,1,80,10,7,1,0,0,5,2,2,0,0.2099,290.6,0.0,0.7,0.1,0.0,0.0,0.5,0.2,0.2,0.8,2.5,3,0.2,0.5
EMP0370,Sales,Sales Manager,Low,1,71,10,10,3,0,1,5,4,4,0,0.2729,195.4,0.0,1.0,0.3,0.0,0.1,0.5,0.4,0.4,0.6,1.25,1,0.29,0.5
EMP0371,Marketing,Digital Marketing Analyst,Medium,1,85,10,7,1,0,0,6,1,1,0,0.1356,311.1667,0.0,0.7,0.1,0.0,0.0,0.6,0.1,0.1,0.9,3.0,2,0.15,0.6
EMP0372,Marketing,Marketing Manager,Low,1,76,10,9,3,1,2,5,5,5,0,0.2565,384.6,0.0,0.9,0.3,0.1,0.2,0.5,0.5,0.5,0.5,1.0,1,0.24,0.5
EMP0373,Marketing,Marketing Manager,Low,1,77,10,6,3,0,1,4,3,3,0,0.3138,264.0,0.0,0.6,0.3,0.0,0.1,0.4,0.3,0.3,0.7,1.3333,1,0.23,0.4
EMP0374,Executive,Chief Officer,Privileged,1,80,10,6,0,0,0,5,1,1,0,0.2009,289.0,0.0,0.6,0.0,0.0,0.0,0.5,0.1,0.1,0.9,3.0,4,0.2,0.5
EMP0375,Operations,Operations Analyst,Medium,0,62,10,9,1,1,0,3,2,2,0,0.3273,223.0,0.0,0.9,0.1,0.1,0.0,0.3,0.2,0.2,0.8,1.5,2,0.38,0.15
EMP0376,Sales,Account Executive,Medium,1,95,10,8,1,0,1,4,3,3,0,0.37,285.75,0.0,0.8,0.1,0.0,0.1,0.4,0.3,0.3,0.7,1.3333,2,0.05,0.4
EMP0377,Sales,Account Executive,Low,1,82,10,9,1,1,0,7,2,2,0,0.2611,247.5714,0.0,0.9,0.1,0.1,0.0,0.7,0.2,0.2,0.8,3.0,1,0.18,0.7
EMP0378,Legal,Legal Manager,High,1,83,10,9,3,1,1,5,5,5,0,0.2948,299.4,0.0,0.9,0.3,0.1,0.1,0.5,0.5,0.5,0.5,1.0,3,0.17,0.5
EMP0379,Finance,Accountant,High,1,80,10,8,0,1,0,3,1,1,1,0.2348,246.0,0.0,0.8,0.0,0.1,0.0,0.3,0.1,0.1,0.9,3.0,3,0.2,0.3
EMP0380,Sales,Sales Representative,Medium,1,86,10,8,2,0,0,4,3,3,0,0.3006,287.75,0.0,0.8,0.2,0.0,0.0,0.4,0.3,0.3,0.7,1.3333,2,0.14,0.4
EMP0381,Human Resources,HR Manager,Medium,0,69,10,9,4,2,3,3,6,6,2,0.3974,292.6667,1.0,0.9,0.4,0.2,0.3,0.3,0.6,0.6,0.4,0.5,2,0.31,0.15
EMP0382,Finance,Financial Analyst,High,1,99,10,10,2,0,1,4,3,3,1,0.2122,287.25,1.0,1.0,0.2,0.0,0.1,0.4,0.3,0.3,0.7,1.3333,3,0.01,0.4
EMP0383,Sales,Sales Representative,Low,1,88,10,9,1,0,0,6,1,1,0,0.173,256.5,0.0,0.9,0.1,0.0,0.0,0.6,0.1,0.1,0.9,3.0,1,0.12,0.6
EMP0384,Human Resources,HR Manager,Medium,1,70,10,9,1,1,0,4,2,2,2,0.3326,332.5,0.5,0.9,0.1,0.1,0.0,0.4,0.2,0.2,0.8,2.0,2,0.3,0.4
EMP0385,Sales,Sales Representative,Medium,0,72,10,9,0,0,0,3,2,2,0,0.3625,487.0,0.0,0.9,0.0,0.0,0.0,0.3,0.2,0.2,0.8,1.5,2,0.28,0.15
EMP0386,Information Technology,Security Analyst,Medium,1,48,10,9,2,2,1,4,5,5,1,0.3974,308.5,0.0,0.9,0.2,0.2,0.1,0.4,0.5,0.5,0.5,0.8,2,0.52,0.4
EMP0387,Operations,Operations Analyst,Low,1,66,10,8,2,1,1,4,4,4,0,0.3172,183.25,0.0,0.8,0.2,0.1,0.1,0.4,0.4,0.4,0.6,1.0,1,0.34,0.4
EMP0388,Operations,Operations Analyst,Low,1,77,10,8,1,0,1,3,2,2,0,0.2389,232.6667,0.0,0.8,0.1,0.0,0.1,0.3,0.2,0.2,0.8,1.5,1,0.23,0.3
EMP0389,Finance,Financial Analyst,Medium,1,96,10,8,0,2,0,6,3,3,1,0.2064,223.1667,1.0,0.8,0.0,0.2,0.0,0.6,0.3,0.3,0.7,2.0,2,0.04,0.6
EMP0390,Legal,Legal Assistant,High,0,88,10,9,1,1,0,6,2,2,0,0.3605,388.8333,0.0,0.9,0.1,0.1,0.0,0.6,0.2,0.2,0.8,3.0,3,0.12,0.3
EMP0391,Finance,Financial Analyst,High,1,75,10,9,2,0,1,5,3,3,1,0.2447,368.2,0.0,0.9,0.2,0.0,0.1,0.5,0.3,0.3,0.7,1.6667,3,0.25,0.5
EMP0392,Finance,Financial Analyst,High,0,69,10,9,2,0,1,3,3,3,1,0.3812,229.0,1.0,0.9,0.2,0.0,0.1,0.3,0.3,0.3,0.7,1.0,3,0.31,0.15
EMP0393,Human Resources,HR Manager,Medium,0,99,10,7,3,0,1,6,4,4,2,0.3672,256.1667,0.0,0.7,0.3,0.0,0.1,0.6,0.4,0.4,0.6,1.5,2,0.01,0.3
EMP0394,Executive,Vice President,Privileged,1,85,10,5,1,0,0,4,2,2,0,0.274,346.0,0.0,0.5,0.1,0.0,0.0,0.4,0.2,0.2,0.8,2.0,4,0.15,0.4
EMP0395,Human Resources,Recruiter,Medium,0,94,10,7,2,0,1,4,5,5,2,0.2707,180.75,1.0,0.7,0.2,0.0,0.1,0.4,0.5,0.5,0.5,0.8,2,0.06,0.2
EMP0396,Finance,Finance Manager,High,1,89,10,9,1,1,1,6,2,2,1,0.1912,249.1667,0.0,0.9,0.1,0.1,0.1,0.6,0.2,0.2,0.8,3.0,3,0.11,0.6
EMP0397,Executive,Chief Officer,High,1,86,10,9,3,1,1,7,4,4,0,0.2971,317.7143,0.0,0.9,0.3,0.1,0.1,0.7,0.4,0.4,0.6,1.75,3,0.14,0.7
EMP0398,Finance,Accountant,High,1,82,10,7,1,0,0,9,3,3,1,0.2716,293.1111,0.0,0.7,0.1,0.0,0.0,0.9,0.3,0.3,0.7,3.0,3,0.18,0.9
EMP0399,Marketing,Marketing Manager,Low,1,93,10,7,0,0,0,6,1,1,0,0.2026,256.6667,0.0,0.7,0.0,0.0,0.0,0.6,0.1,0.1,0.9,3.0,1,0.07,0.6
EMP0400,Executive,Chief Officer,Privileged,1,80,10,9,2,1,1,5,3,3,0,0.347,259.0,0.0,0.9,0.2,0.1,0.1,0.5,0.3,0.3,0.7,1.6667,4,0.2,0.5
EMP0401,Human Resources,HR Specialist,High,1,70,10,8,3,0,1,7,4,4,2,0.3578,290.8571,0.5,0.8,0.3,0.0,0.1,0.7,0.4,0.4,0.6,1.75,3,0.3,0.7
EMP0402,Information Technology,IT Support Analyst,Medium,1,72,10,8,1,0,0,8,2,2,1,0.3039,215.5,0.0,0.8,0.1,0.0,0.0,0.8,0.2,0.2,0.8,3.0,2,0.28,0.8
EMP0403,Operations,Operations Manager,Medium,1,84,10,9,0,1,0,7,2,2,0,0.2574,200.7143,0.0,0.9,0.0,0.1,0.0,0.7,0.2,0.2,0.8,3.0,2,0.16,0.7
EMP0404,Marketing,Marketing Manager,Medium,1,71,10,7,2,0,1,4,3,3,0,0.2328,456.5,0.0,0.7,0.2,0.0,0.1,0.4,0.3,0.3,0.7,1.3333,2,0.29,0.4
EMP0405,Executive,Chief Officer,Privileged,1,78,10,8,0,0,0,9,0,0,0,0.2353,342.5556,0.0,0.8,0.0,0.0,0.0,0.9,0.0,0.0,1.0,3.0,4,0.22,0.9
EMP0406,Human Resources,HR Manager,Medium,1,79,10,5,1,0,1,4,2,2,2,0.2504,491.25,0.0,0.5,0.1,0.0,0.1,0.4,0.2,0.2,0.8,2.0,2,0.21,0.4
EMP0407,Sales,Account Executive,Medium,0,74,10,8,2,1,1,2,5,5,0,0.4138,165.5,0.0,0.8,0.2,0.1,0.1,0.2,0.5,0.5,0.5,0.4,2,0.26,0.1
EMP0408,Sales,Account Executive,Medium,1,57,10,9,2,0,1,5,3,3,0,0.2941,237.6,0.0,0.9,0.2,0.0,0.1,0.5,0.3,0.3,0.7,1.6667,2,0.43,0.5
EMP0409,Executive,Vice President,Privileged,1,63,10,6,1,0,0,5,2,2,0,0.3824,302.8,0.0,0.6,0.1,0.0,0.0,0.5,0.2,0.2,0.8,2.5,4,0.37,0.5
EMP0410,Human Resources,Recruiter,High,0,60,10,10,4,2,3,5,6,6,2,0.4452,407.2,1.0,1.0,0.4,0.2,0.3,0.5,0.6,0.6,0.4,0.8333,3,0.4,0.25
EMP0411,Legal,Legal Manager,High,1,98,10,7,2,0,0,6,3,3,0,0.264,267.8333,0.0,0.7,0.2,0.0,0.0,0.6,0.3,0.3,0.7,2.0,3,0.02,0.6
EMP0412,Legal,Legal Assistant,High,1,72,10,9,1,1,1,6,3,3,0,0.3276,258.5,0.0,0.9,0.1,0.1,0.1,0.6,0.3,0.3,0.7,2.0,3,0.28,0.6
EMP0413,Human Resources,HR Specialist,Medium,1,85,10,9,3,1,2,6,4,4,2,0.2671,193.0,0.5,0.9,0.3,0.1,0.2,0.6,0.4,0.4,0.6,1.5,2,0.15,0.6
EMP0414,Human Resources,Recruiter,Medium,1,59,10,7,1,0,1,4,3,3,2,0.3485,170.0,0.5,0.7,0.1,0.0,0.1,0.4,0.3,0.3,0.7,1.3333,2,0.41,0.4
EMP0415,Legal,Legal Assistant,Medium,1,70,10,9,2,1,0,5,3,3,0,0.3219,291.2,0.0,0.9,0.2,0.1,0.0,0.5,0.3,0.3,0.7,1.6667,2,0.3,0.5
EMP0416,Legal,Legal Manager,Medium,1,82,10,7,3,1,3,4,5,5,0,0.3698,236.0,0.0,0.7,0.3,0.1,0.3,0.4,0.5,0.5,0.5,0.8,2,0.18,0.4
EMP0417,Marketing,Digital Marketing Analyst,Medium,1,77,10,7,0,0,0,7,2,2,0,0.3236,276.7143,0.0,0.7,0.0,0.0,0.0,0.7,0.2,0.2,0.8,3.0,2,0.23,0.7
EMP0418,Finance,Accountant,High,1,92,10,7,1,1,1,7,5,5,1,0.1788,231.4286,0.0,0.7,0.1,0.1,0.1,0.7,0.5,0.5,0.5,1.4,3,0.08,0.7
EMP0419,Legal,Legal Assistant,Medium,1,91,10,9,3,1,1,7,5,5,0,0.2744,240.1429,0.0,0.9,0.3,0.1,0.1,0.7,0.5,0.5,0.5,1.4,2,0.09,0.7
EMP0420,Information Technology,Security Analyst,High,1,57,10,5,2,0,1,5,4,4,1,0.3764,199.4,1.0,0.5,0.2,0.0,0.1,0.5,0.4,0.4,0.6,1.25,3,0.43,0.5
EMP0421,Sales,Sales Representative,Medium,1,62,10,6,4,0,2,2,7,7,0,0.3237,360.5,0.0,0.6,0.4,0.0,0.2,0.2,0.7,0.7,0.3,0.2857,2,0.38,0.2
EMP0422,Legal,Legal Assistant,High,0,91,10,8,0,0,0,2,0,0,0,0.2629,192.5,0.0,0.8,0.0,0.0,0.0,0.2,0.0,0.0,1.0,2.0,3,0.09,0.1
EMP0423,Sales,Account Executive,Low,1,78,10,8,1,0,1,4,2,2,0,0.3016,233.5,0.0,0.8,0.1,0.0,0.1,0.4,0.2,0.2,0.8,2.0,1,0.22,0.4
EMP0424,Operations,Operations Analyst,Low,1,62,10,8,4,1,3,6,6,6,0,0.44,313.8333,0.0,0.8,0.4,0.1,0.3,0.6,0.6,0.6,0.4,1.0,1,0.38,0.6
EMP0425,Operations,Operations Manager,Medium,1,96,10,6,4,0,4,7,5,5,0,0.2682,425.2857,0.0,0.6,0.4,0.0,0.4,0.7,0.5,0.5,0.5,1.4,2,0.04,0.7
EMP0426,Legal,Compliance Analyst,Medium,1,88,10,8,1,0,0,7,1,1,0,0.266,240.8571,0.0,0.8,0.1,0.0,0.0,0.7,0.1,0.1,0.9,3.0,2,0.12,0.7
EMP0427,Information Technology,IT Support Analyst,Privileged,1,74,10,8,2,1,1,5,4,4,1,0.3406,128.6,1.0,0.8,0.2,0.1,0.1,0.5,0.4,0.4,0.6,1.25,4,0.26,0.5
EMP0428,Marketing,Marketing Specialist,Low,1,100,10,10,1,0,0,5,2,2,0,0.2721,327.0,0.0,1.0,0.1,0.0,0.0,0.5,0.2,0.2,0.8,2.5,1,0.0,0.5
EMP0429,Finance,Financial Analyst,Medium,1,74,10,9,2,0,1,6,2,2,1,0.3415,354.0,0.0,0.9,0.2,0.0,0.1,0.6,0.2,0.2,0.8,3.0,2,0.26,0.6
EMP0430,Marketing,Digital Marketing Analyst,Medium,0,75,10,5,1,0,1,4,3,3,0,0.3562,283.5,0.0,0.5,0.1,0.0,0.1,0.4,0.3,0.3,0.7,1.3333,2,0.25,0.2
EMP0431,Legal,Legal Assistant,High,1,86,10,8,1,0,1,7,1,1,0,0.2648,220.5714,0.0,0.8,0.1,0.0,0.1,0.7,0.1,0.1,0.9,3.0,3,0.14,0.7
EMP0432,Operations,Operations Manager,Medium,1,77,10,8,1,1,0,4,3,3,0,0.2789,277.0,0.0,0.8,0.1,0.1,0.0,0.4,0.3,0.3,0.7,1.3333,2,0.23,0.4
EMP0433,Human Resources,HR Specialist,Medium,0,88,10,7,3,0,0,4,5,5,2,0.3921,255.25,1.0,0.7,0.3,0.0,0.0,0.4,0.5,0.5,0.5,0.8,2,0.12,0.2
EMP0434,Information Technology,Security Analyst,Medium,1,82,10,9,1,0,0,5,1,1,1,0.2794,317.4,0.0,0.9,0.1,0.0,0.0,0.5,0.1,0.1,0.9,3.0,2,0.18,0.5
EMP0435,Human Resources,Recruiter,High,1,91,10,9,1,0,1,5,2,2,2,0.2374,274.6,0.0,0.9,0.1,0.0,0.1,0.5,0.2,0.2,0.8,2.5,3,0.09,0.5
EMP0436,Marketing,Digital Marketing Analyst,Medium,1,65,10,7,3,0,2,1,5,5,0,0.4141,258.0,0.0,0.7,0.3,0.0,0.2,0.1,0.5,0.5,0.5,0.2,2,0.35,0.1
EMP0437,Marketing,Digital Marketing Analyst,Low,0,70,10,8,2,0,1,2,2,2,0,0.4251,205.5,0.0,0.8,0.2,0.0,0.1,0.2,0.2,0.2,0.8,1.0,1,0.3,0.1
EMP0438,Human Resources,Recruiter,High,1,100,10,7,2,1,0,6,3,3,2,0.2916,227.3333,0.0,0.7,0.2,0.1,0.0,0.6,0.3,0.3,0.7,2.0,3,0.0,0.6
EMP0439,Human Resources,Recruiter,High,1,79,10,8,0,0,0,4,0,0,2,0.2091,287.25,0.0,0.8,0.0,0.0,0.0,0.4,0.0,0.0,1.0,3.0,3,0.21,0.4
EMP0440,Operations,Operations Analyst,Low,1,82,10,9,2,0,0,5,3,3,0,0.2393,107.0,0.0,0.9,0.2,0.0,0.0,0.5,0.3,0.3,0.7,1.6667,1,0.18,0.5
EMP0441,Marketing,Marketing Manager,Low,1,91,10,6,0,0,0,5,0,0,0,0.279,172.4,0.0,0.6,0.0,0.0,0.0,0.5,0.0,0.0,1.0,3.0,1,0.09,0.5
EMP0442,Finance,Financial Analyst,High,1,92,10,9,4,0,2,5,4,4,1,0.2515,333.2,0.0,0.9,0.4,0.0,0.2,0.5,0.4,0.4,0.6,1.25,3,0.08,0.5
EMP0443,Sales,Sales Representative,Medium,1,81,10,6,1,1,1,5,2,2,0,0.2608,289.6,0.0,0.6,0.1,0.1,0.1,0.5,0.2,0.2,0.8,2.5,2,0.19,0.5
EMP0444,Operations,Operations Specialist,Low,0,68,10,10,2,1,0,3,3,3,0,0.2286,307.0,0.0,1.0,0.2,0.1,0.0,0.3,0.3,0.3,0.7,1.0,1,0.32,0.15
EMP0445,Finance,Accountant,High,1,81,10,8,2,0,0,5,2,2,1,0.2122,430.8,0.0,0.8,0.2,0.0,0.0,0.5,0.2,0.2,0.8,2.5,3,0.19,0.5
EMP0446,Information Technology,IT Support Analyst,High,1,83,10,6,0,0,0,5,1,1,1,0.2726,224.6,0.0,0.6,0.0,0.0,0.0,0.5,0.1,0.1,0.9,3.0,3,0.17,0.5
EMP0447,Sales,Sales Manager,Medium,1,92,10,8,1,0,0,6,2,2,0,0.1619,243.1667,0.0,0.8,0.1,0.0,0.0,0.6,0.2,0.2,0.8,3.0,2,0.08,0.6
EMP0448,Human Resources,Recruiter,Medium,1,63,10,10,3,1,1,5,5,5,2,0.329,259.6,0.0,1.0,0.3,0.1,0.1,0.5,0.5,0.5,0.5,1.0,2,0.37,0.5
EMP0449,Marketing,Marketing Specialist,Medium,1,76,10,10,2,1,1,5,3,3,0,0.3084,411.2,0.0,1.0,0.2,0.1,0.1,0.5,0.3,0.3,0.7,1.6667,2,0.24,0.5
EMP0450,Human Resources,Recruiter,High,0,79,10,8,4,0,2,3,5,5,2,0.3863,368.6667,0.5,0.8,0.4,0.0,0.2,0.3,0.5,0.5,0.5,0.6,3,0.21,0.15
EMP0451,Marketing,Marketing Manager,Medium,1,97,10,9,2,0,0,5,2,2,0,0.2613,264.6,0.0,0.9,0.2,0.0,0.0,0.5,0.2,0.2,0.8,2.5,2,0.03,0.5
EMP0452,Operations,Operations Analyst,Medium,1,67,10,10,4,0,1,4,4,4,0,0.3337,215.0,0.0,1.0,0.4,0.0,0.1,0.4,0.4,0.4,0.6,1.0,2,0.33,0.4
EMP0453,Finance,Accountant,Medium,1,97,10,5,0,1,0,9,2,2,1,0.1934,200.3333,0.0,0.5,0.0,0.1,0.0,0.9,0.2,0.2,0.8,3.0,2,0.03,0.9
EMP0454,Executive,Chief Officer,Privileged,1,90,10,7,2,0,2,6,2,2,0,0.343,315.1667,0.0,0.7,0.2,0.0,0.2,0.6,0.2,0.2,0.8,3.0,4,0.1,0.6
EMP0455,Human Resources,Recruiter,Medium,1,48,10,8,2,0,1,4,2,2,2,0.4635,263.75,0.0,0.8,0.2,0.0,0.1,0.4,0.2,0.2,0.8,2.0,2,0.52,0.4
EMP0456,Sales,Account Executive,Medium,1,100,10,8,1,0,0,6,2,2,0,0.1863,353.6667,0.0,0.8,0.1,0.0,0.0,0.6,0.2,0.2,0.8,3.0,2,0.0,0.6
EMP0457,Human Resources,Recruiter,High,1,90,10,8,1,0,1,8,1,1,2,0.2559,285.375,0.5,0.8,0.1,0.0,0.1,0.8,0.1,0.1,0.9,3.0,3,0.1,0.8
EMP0458,Legal,Legal Assistant,High,1,100,10,8,0,0,0,7,0,0,0,0.1739,379.5714,0.0,0.8,0.0,0.0,0.0,0.7,0.0,0.0,1.0,3.0,3,0.0,0.7
EMP0459,Information Technology,IT Support Analyst,Privileged,1,87,10,8,0,1,0,4,1,1,1,0.2108,505.5,0.0,0.8,0.0,0.1,0.0,0.4,0.1,0.1,0.9,3.0,4,0.13,0.4
EMP0460,Human Resources,HR Manager,Medium,1,81,10,8,0,1,0,8,1,1,2,0.2923,231.125,0.0,0.8,0.0,0.1,0.0,0.8,0.1,0.1,0.9,3.0,2,0.19,0.8
EMP0461,Legal,Compliance Analyst,Medium,1,68,10,6,1,0,1,6,2,2,0,0.2591,224.6667,0.0,0.6,0.1,0.0,0.1,0.6,0.2,0.2,0.8,3.0,2,0.32,0.6
EMP0462,Sales,Sales Representative,Low,1,74,10,9,2,1,0,5,4,4,0,0.3268,150.0,0.0,0.9,0.2,0.1,0.0,0.5,0.4,0.4,0.6,1.25,1,0.26,0.5
EMP0463,Operations,Operations Analyst,Low,1,80,10,9,3,0,2,6,4,4,0,0.3308,240.8333,0.0,0.9,0.3,0.0,0.2,0.6,0.4,0.4,0.6,1.5,1,0.2,0.6
EMP0464,Information Technology,Security Analyst,Medium,1,94,10,7,2,0,2,6,3,3,1,0.1852,339.6667,0.0,0.7,0.2,0.0,0.2,0.6,0.3,0.3,0.7,2.0,2,0.06,0.6
EMP0465,Information Technology,Security Analyst,High,1,66,10,9,4,1,2,5,6,6,1,0.3424,254.0,1.0,0.9,0.4,0.1,0.2,0.5,0.6,0.6,0.4,0.8333,3,0.34,0.5
EMP0466,Executive,Chief Officer,Privileged,1,75,10,9,3,0,0,5,3,3,0,0.3274,272.6,0.0,0.9,0.3,0.0,0.0,0.5,0.3,0.3,0.7,1.6667,4,0.25,0.5
EMP0467,Legal,Legal Manager,High,1,70,10,10,3,1,0,5,4,4,0,0.2706,335.0,0.0,1.0,0.3,0.1,0.0,0.5,0.4,0.4,0.6,1.25,3,0.3,0.5
EMP0468,Information Technology,System Administrator,Medium,1,81,10,10,3,0,1,5,3,3,1,0.2496,171.6,0.0,1.0,0.3,0.0,0.1,0.5,0.3,0.3,0.7,1.6667,2,0.19,0.5
EMP0469,Executive,Vice President,Privileged,1,80,10,7,1,1,1,4,2,2,0,0.2452,301.0,0.0,0.7,0.1,0.1,0.1,0.4,0.2,0.2,0.8,2.0,4,0.2,0.4
EMP0470,Operations,Operations Manager,Low,1,94,10,7,1,0,1,6,2,2,0,0.2199,167.6667,0.0,0.7,0.1,0.0,0.1,0.6,0.2,0.2,0.8,3.0,1,0.06,0.6
EMP0471,Legal,Legal Manager,Medium,1,78,10,10,1,0,1,6,1,1,0,0.3514,279.8333,0.0,1.0,0.1,0.0,0.1,0.6,0.1,0.1,0.9,3.0,2,0.22,0.6
EMP0472,Operations,Operations Specialist,Medium,1,78,10,9,2,1,2,4,3,3,0,0.2553,275.0,0.0,0.9,0.2,0.1,0.2,0.4,0.3,0.3,0.7,1.3333,2,0.22,0.4
EMP0473,Finance,Financial Analyst,High,1,63,10,9,4,0,2,4,4,4,1,0.301,353.0,0.0,0.9,0.4,0.0,0.2,0.4,0.4,0.4,0.6,1.0,3,0.37,0.4
EMP0474,Operations,Operations Analyst,Low,1,69,10,9,2,1,0,4,5,5,0,0.3676,292.0,0.0,0.9,0.2,0.1,0.0,0.4,0.5,0.5,0.5,0.8,1,0.31,0.4
EMP0475,Marketing,Digital Marketing Analyst,Low,1,69,10,8,2,1,1,5,4,4,0,0.2455,280.2,0.0,0.8,0.2,0.1,0.1,0.5,0.4,0.4,0.6,1.25,1,0.31,0.5
EMP0476,Executive,Chief Officer,High,1,81,10,8,2,1,2,4,4,4,0,0.2277,478.5,0.0,0.8,0.2,0.1,0.2,0.4,0.4,0.4,0.6,1.0,3,0.19,0.4
EMP0477,Legal,Legal Manager,High,1,85,10,9,1,0,1,5,1,1,0,0.2888,223.0,0.0,0.9,0.1,0.0,0.1,0.5,0.1,0.1,0.9,3.0,3,0.15,0.5
EMP0478,Information Technology,IT Support Analyst,High,0,82,10,9,2,0,0,4,2,2,1,0.3961,400.5,1.0,0.9,0.2,0.0,0.0,0.4,0.2,0.2,0.8,2.0,3,0.18,0.2
EMP0479,Human Resources,Recruiter,Medium,1,89,10,7,3,1,1,5,7,7,2,0.3295,186.4,1.0,0.7,0.3,0.1,0.1,0.5,0.7,0.7,0.3,0.7143,2,0.11,0.5
EMP0480,Information Technology,IT Support Analyst,Medium,1,100,10,9,2,0,1,4,2,2,1,0.1924,361.25,1.0,0.9,0.2,0.0,0.1,0.4,0.2,0.2,0.8,2.0,2,0.0,0.4
EMP0481,Executive,Vice President,High,1,68,10,9,1,0,1,6,1,1,0,0.257,188.5,0.0,0.9,0.1,0.0,0.1,0.6,0.1,0.1,0.9,3.0,3,0.32,0.6
EMP0482,Legal,Compliance Analyst,High,1,97,10,9,3,0,3,5,4,4,0,0.2353,339.0,0.0,0.9,0.3,0.0,0.3,0.5,0.4,0.4,0.6,1.25,3,0.03,0.5
EMP0483,Marketing,Digital Marketing Analyst,Medium,1,84,10,8,2,1,0,6,5,5,0,0.2879,508.6667,0.0,0.8,0.2,0.1,0.0,0.6,0.5,0.5,0.5,1.2,2,0.16,0.6
EMP0484,Finance,Finance Manager,High,0,97,10,8,2,0,0,6,3,3,1,0.2916,255.6667,1.0,0.8,0.2,0.0,0.0,0.6,0.3,0.3,0.7,2.0,3,0.03,0.3
EMP0485,Human Resources,Recruiter,Medium,1,71,10,8,1,1,1,4,2,2,2,0.2868,220.5,0.5,0.8,0.1,0.1,0.1,0.4,0.2,0.2,0.8,2.0,2,0.29,0.4
EMP0486,Marketing,Digital Marketing Analyst,Medium,1,65,10,7,1,0,1,4,2,2,0,0.3577,176.5,0.0,0.7,0.1,0.0,0.1,0.4,0.2,0.2,0.8,2.0,2,0.35,0.4
EMP0487,Information Technology,System Administrator,Medium,1,80,10,7,0,0,0,5,0,0,1,0.2482,219.8,0.0,0.7,0.0,0.0,0.0,0.5,0.0,0.0,1.0,3.0,2,0.2,0.5
EMP0488,Information Technology,System Administrator,High,1,59,10,8,0,1,0,1,2,2,1,0.2619,242.0,0.0,0.8,0.0,0.1,0.0,0.1,0.2,0.2,0.8,0.5,3,0.41,0.1
EMP0489,Marketing,Marketing Specialist,Low,1,92,10,7,0,0,0,5,1,1,0,0.2047,292.6,0.0,0.7,0.0,0.0,0.0,0.5,0.1,0.1,0.9,3.0,1,0.08,0.5
EMP0490,Operations,Operations Manager,Medium,1,63,10,8,2,0,0,5,2,2,0,0.2853,312.4,0.0,0.8,0.2,0.0,0.0,0.5,0.2,0.2,0.8,2.5,2,0.37,0.5
EMP0491,Legal,Legal Assistant,Medium,1,69,10,10,2,0,2,2,3,3,0,0.3134,337.0,0.0,1.0,0.2,0.0,0.2,0.2,0.3,0.3,0.7,0.6667,2,0.31,0.2
EMP0492,Marketing,Marketing Manager,Medium,1,77,10,10,4,0,2,5,5,5,0,0.2851,275.2,0.0,1.0,0.4,0.0,0.2,0.5,0.5,0.5,0.5,1.0,2,0.23,0.5
EMP0493,Finance,Accountant,High,1,80,10,9,2,0,1,5,2,2,1,0.2174,160.0,0.0,0.9,0.2,0.0,0.1,0.5,0.2,0.2,0.8,2.5,3,0.2,0.5
EMP0494,Information Technology,IT Support Analyst,High,1,61,10,6,1,0,0,4,3,3,1,0.3886,302.0,0.0,0.6,0.1,0.0,0.0,0.4,0.3,0.3,0.7,1.3333,3,0.39,0.4
EMP0495,Executive,Director,High,1,91,10,9,1,1,0,7,2,2,0,0.2591,236.0,0.0,0.9,0.1,0.1,0.0,0.7,0.2,0.2,0.8,3.0,3,0.09,0.7
EMP0496,Information Technology,IT Support Analyst,Medium,1,85,10,8,2,0,1,6,3,3,1,0.3201,191.3333,1.0,0.8,0.2,0.0,0.1,0.6,0.3,0.3,0.7,2.0,2,0.15,0.6
EMP0497,Operations,Operations Analyst,Low,1,92,10,9,2,0,2,7,2,2,0,0.2338,225.8571,0.0,0.9,0.2,0.0,0.2,0.7,0.2,0.2,0.8,3.0,1,0.08,0.7
EMP0498,Legal,Legal Manager,Medium,1,79,10,7,1,0,0,6,3,3,0,0.2642,264.3333,0.0,0.7,0.1,0.0,0.0,0.6,0.3,0.3,0.7,2.0,2,0.21,0.6
EMP0499,Marketing,Marketing Specialist,Low,1,79,10,9,1,0,1,6,1,1,0,0.2181,213.0,0.0,0.9,0.1,0.0,0.1,0.6,0.1,0.1,0.9,3.0,1,0.21,0.6
EMP0500,Information Technology,Security Analyst,Privileged,1,76,10,9,4,2,3,7,6,6,1,0.227,221.5714,1.0,0.9,0.4,0.2,0.3,0.7,0.6,0.6,0.4,1.1667,4,0.24,0.7
